window_index,DLinear,PatchTST
0,0.5209508538,0.5113313794
1,0.5519157052,0.5249252319
2,0.5402895808,0.5698928237
3,0.5636847615,0.6477243304
4,0.5662057996,0.5953109264
5,0.5502660871,0.584076643
6,0.5587732196,0.5450812578
7,0.5552173853,0.556792438
8,0.531263113,0.5134646297
9,0.5217442513,0.6259481311
10,0.5482382178,0.5013320446
11,0.5443323255,0.540109694
12,0.5558289886,0.5580628514
13,0.5551323295,0.5558774471
14,0.5617629886,0.5498632789
15,0.5993814468,0.5826559663
16,0.642247498,0.5760502219
17,0.7003356814,0.6192470789
18,0.6956658363,0.6692156196
19,0.7502205372,0.7349088192
20,0.8694395423,0.8023879528
21,0.8229621053,0.7581932545
22,0.7474172711,0.871099174
23,0.8355789781,1.023177981
24,0.8472511172,0.7621414065
25,0.9991221428,0.9873966575
26,1.017476439,0.9204813838
27,1.161602139,1.152347207
28,1.040112853,1.109489322
29,1.092061877,1.565836787
30,1.09799087,1.248602271
31,1.076440334,1.320439458
32,1.209294915,1.229412675
33,1.265655756,1.482409954
34,1.061014295,1.28721571
35,1.183076024,1.2469908
36,1.045323849,1.260117292
37,0.9473093152,0.9410771728
38,0.8911352754,0.9045090079
39,0.8262355328,0.8694666028
40,0.7770778537,0.8396932483
41,0.75222826,0.8643164635
42,0.5755509734,0.7544876933
43,0.64145118,0.7232171893
44,0.5606675744,0.6774044633
45,0.5849441886,0.7024149895
46,0.5637300611,0.6574000716
47,0.5808117986,0.598080039
48,0.7566900253,0.7724302411
49,0.7023027539,0.7167746425
50,0.549680531,0.5618637204
51,0.5701001883,0.5791213512
52,0.511387527,0.5409348011
53,0.5208026767,0.5401043296
54,0.5677409768,0.5634838939
55,0.5764735341,0.6077855229
56,0.6122096181,0.5922992229
57,0.608792305,0.6083247662
58,0.6191122532,0.6345914006
59,0.7109629512,0.7431381345
60,0.6220723391,0.506894052
61,0.6087378263,0.584924221
62,0.6404531598,0.6505226493
63,0.5573806763,0.5353291631
64,0.5386263132,0.5106224418
65,0.4975830615,0.5170352459
66,0.516250968,0.5211882591
67,0.4952563941,0.4391706884
68,0.4429047406,0.4716587961
69,0.4661597013,0.4553319216
70,0.4786764085,0.4605485499
71,0.4686256945,0.4671446085
72,0.4867499769,0.4843019545
73,0.6565023065,0.7047522664
74,0.8063051701,0.7892431617
75,0.908608675,0.9169536233
76,0.5229178071,0.5960972905
77,0.5457983017,0.7042169571
78,0.7288827896,0.7669818401
79,0.6075417995,0.6889308095
80,0.4138464928,0.4315432608
81,0.4507391453,0.4841559827
82,0.4978058338,0.4838797152
83,0.5111308694,0.5512464643
84,0.5227434039,0.6496646404
85,0.50071913,0.6549027562
86,0.5160004497,0.6887119412
87,0.5085272193,0.6088175774
88,0.4956775606,0.663431108
89,0.5015681386,0.6444977522
90,0.5360946655,0.7578444481
91,0.4867630303,0.6464660764
92,0.5503821969,0.7731301785
93,0.5977597237,0.6709702611
94,0.637594223,0.666695118
95,0.6777735353,0.7593862414
96,0.6317585111,0.5501080155
97,0.3649512231,0.3757222593
98,0.3292330503,0.2826844454
99,0.3152887821,0.3131863475
100,0.409443289,0.2905879319
101,0.4007355273,0.2963013351
102,0.4273838103,0.3401558399
103,0.4127927721,0.3458107412
104,0.4684798419,0.3918179572
105,0.4184395969,0.319157809
106,0.4408979416,0.3663181365
107,0.5736406446,0.4722557068
108,0.2624249756,0.2032203674
109,0.2082326412,0.220459342
110,0.1888010055,0.187635377
111,0.1883258373,0.1840283275
112,0.1705318093,0.1757518798
113,0.1614281684,0.1735156029
114,0.166451931,0.1696593165
115,0.2079767138,0.2418055087
116,0.2208677083,0.2276024967
117,0.2124500722,0.2434917688
118,0.2277490944,0.2309131026
119,0.2771918476,0.2569780648
120,0.6634425521,0.7945613861
121,0.6702547669,0.8368776441
122,0.6940963864,0.8186441064
123,0.725733757,0.7774235606
124,0.8194434047,0.9804487228
125,0.7297994494,0.870871067
126,0.6417626739,0.7392988801
127,0.6449559331,0.7273788452
128,0.6404518485,0.7760150433
129,0.6459899545,0.7157878876
130,0.7089484334,0.6901955605
131,0.7187120914,0.731375277
132,0.7543733716,0.9707064033
133,0.8173795342,1.085000634
134,0.8075098991,1.013922691
135,0.8494408727,1.018042564
136,0.7618327737,1.045313001
137,0.8606526256,1.125367403
138,0.7746499181,0.9642090797
139,0.5802294016,0.679617703
140,0.6280795932,0.72513026
141,0.6179037094,0.6904196143
142,0.6449276805,0.6875562668
143,0.4788272381,0.4735141098
144,0.491890192,0.3380717933
145,0.3033483922,0.2620823383
146,0.2867524624,0.2750051916
147,0.2856049538,0.2908079922
148,0.2411746532,0.2561083436
149,0.2439468652,0.2938148677
150,0.2544585466,0.2886365354
151,0.2842855752,0.292072475
152,0.2973229885,0.3413365781
153,0.3114025593,0.3177594244
154,0.2303900868,0.2405447513
155,0.2485267371,0.2427207977
156,0.3108749688,0.2370049208
157,0.2795426548,0.2426483184
158,0.2701199055,0.2496113032
159,0.2624677122,0.2688808143
160,0.278509289,0.2452037185
161,0.3040063381,0.2636471093
162,0.3199997842,0.2702834904
163,0.3374369442,0.3080434203
164,0.3495638669,0.3014733195
165,0.364439249,0.2981893122
166,0.3803954124,0.362796396
167,0.3777025938,0.3567194939
168,0.3940490782,0.3753322661
169,0.4965062141,0.4194630086
170,0.3853473961,0.4410710633
171,0.4207312167,0.4285901487
172,0.3145880699,0.32865569
173,0.3642757833,0.4040648937
174,0.3083678782,0.3124107122
175,0.2381651402,0.2743108869
176,0.2381008714,0.2477429658
177,0.2785196304,0.3306656778
178,0.2462322116,0.2636459172
179,0.2076760381,0.2357194871
180,0.1972053051,0.2290444821
181,0.2183447331,0.2363885641
182,0.212794736,0.2209470719
183,0.2678045928,0.2519580424
184,0.3049248755,0.2777609825
185,0.3263897002,0.2829173505
186,0.2902759016,0.2788075507
187,0.3494757116,0.334349364
188,0.4250894487,0.4482443333
189,0.3331615627,0.3835915625
190,0.2772512436,0.2445487976
191,0.3690792024,0.4289743602
192,0.3398171961,0.2066697031
193,0.3133535683,0.3025206923
194,0.3453554213,0.2643110454
195,0.3220145702,0.2852831781
196,0.3138570786,0.2876704633
197,0.2602071762,0.2568304539
198,0.3409818113,0.5669929981
199,0.3332957923,0.3601957262
200,0.4664266109,0.6528022289
201,0.3993504047,0.5059658885
202,0.4200901985,0.3381544054
203,0.4512106478,0.4613095224
204,0.3707120419,0.4237166941
205,0.3631288111,0.3577801287
206,0.4482325613,0.5626488328
207,0.2763930261,0.2769021094
208,0.2764589787,0.3550004065
209,0.3367087841,0.4170948267
210,0.2742751539,0.3132460117
211,0.2766913474,0.2955434024
212,0.2825477421,0.2757065594
213,0.2772444785,0.260902524
214,0.3160136938,0.3959271908
215,0.3019827902,0.3452032506
216,0.334204644,0.3426809013
217,0.2822622955,0.3556749523
218,0.2692866623,0.2682678401
219,0.2948925197,0.2594123781
220,0.2610259354,0.2708023787
221,0.266023308,0.2527270615
222,0.2623928189,0.2670060098
223,0.3464809358,0.3524652421
224,0.4459747374,0.4012242556
225,0.4110135734,0.3391291201
226,0.4855903387,0.3588854969
227,0.4832415581,0.4148328304
228,0.4346649349,0.3862169981
229,0.3619299233,0.3542666733
230,0.411342144,0.3732271194
231,0.36112988,0.3219217062
232,0.3597341478,0.3319239914
233,0.3650428951,0.3471983969
234,0.3843804896,0.3790305853
235,0.3566458225,0.4103015363
236,0.3692905009,0.4019089937
237,0.3138555288,0.3374345303
238,0.3184536994,0.3592670262
239,0.3257627785,0.3367922306
240,0.3023066223,0.2905344963
241,0.3177708685,0.2642730772
242,0.3015567362,0.285587877
243,0.3567117453,0.3223822415
244,0.3286695182,0.3100099564
245,0.3133816123,0.2758671939
246,0.3552563488,0.2969866395
247,0.2265438586,0.2114592791
248,0.2385215014,0.2454923838
249,0.223889932,0.1908388734
250,0.2422177941,0.22252132
251,0.2562236488,0.2378884405
252,0.1934349388,0.1816902161
253,0.1796021014,0.1743967533
254,0.1895439774,0.1908940524
255,0.1894050837,0.158563599
256,0.1863141805,0.1968971938
257,0.1759154201,0.1514617503
258,0.1549974978,0.1467864066
259,0.1587364972,0.161142692
260,0.1731930822,0.149315536
261,0.185098663,0.1695780009
262,0.1880515367,0.1911112517
263,0.1682044715,0.1670572013
264,0.1699713469,0.180127427
265,0.2034116983,0.227838397
266,0.2030272931,0.2417054921
267,0.2266662568,0.2531820536
268,0.209178403,0.2753210962
269,0.2134656906,0.2245273143
270,0.2198502272,0.1937372833
271,0.3362374604,0.3516915739
272,0.3186315,0.284791261
273,0.3095501959,0.3380269706
274,0.3396231234,0.3646131754
275,0.330388248,0.3544377983
276,0.3371480405,0.3667621315
277,0.3676413596,0.3888772726
278,0.4324724972,0.4225593507
279,0.4854106903,0.4628319442
280,0.4718237817,0.5050304532
281,0.4950900376,0.5438178182
282,0.4965616465,0.5419278741
283,0.5038719177,0.6151253581
284,0.5390014648,0.6995725036
285,0.5133295655,0.5632791519
286,0.5716246963,0.5282252431
287,0.5431578755,0.5714369416
288,0.4775116742,0.4493164122
289,0.4936292171,0.4818201959
290,0.514364779,0.4945530891
291,0.5309656262,0.491517812
292,0.5252184868,0.5340368748
293,0.5396649241,0.5313239694
294,0.5321942568,0.493670553
295,0.548500061,0.5795484185
296,0.4570015967,0.4845495224
297,0.4060282707,0.4238024652
298,0.3437496126,0.3887899816
299,0.3506238461,0.3838136196
300,0.3532964289,0.41675511
301,0.3661271632,0.4568910897
302,0.4336010516,0.4167070687
303,0.5397830606,0.4874383509
304,0.2147770524,0.1994736642
305,0.1823485643,0.2078921795
306,0.1846152395,0.2174152136
307,0.1961401254,0.1944699734
308,0.1994954348,0.199453786
309,0.2157194465,0.209591344
310,0.2402209789,0.1954712868
311,0.2153841853,0.2363551855
312,0.2224306315,0.2265655398
313,0.3041426837,0.3110981882
314,0.2778915167,0.2516017258
315,0.3150375783,0.3062807918
316,0.2484989166,0.2789736092
317,0.2989163101,0.6072673798
318,0.3152705729,0.7845184207
319,0.3321981728,0.3794242144
320,0.4629774094,0.6427728534
321,0.3786694109,0.4589270353
322,0.3629147112,0.9329457283
323,0.3722997904,0.428635329
324,0.4788354337,0.6357017756
325,0.4883342683,0.4761898816
326,0.4151936769,0.3784228861
327,0.4158118963,0.4240163863
328,0.4197883606,0.4955880344
329,0.4012518823,0.4190672636
330,0.4349964559,0.5628771782
331,0.4516998827,0.4598841667
332,0.4493984282,0.447188735
333,0.4352116585,0.4061480463
334,0.4754225314,0.4470895231
335,0.5165334344,0.4247131348
336,0.5252754688,0.4715777338
337,0.526345253,0.7811524272
338,0.5330384374,0.8095346093
339,0.5198472738,0.6454593539
340,0.6227145195,0.6233376861
341,0.4896357954,0.5173852444
342,0.5380123258,0.6417064667
343,0.4943645895,0.5422634482
344,0.5560490489,0.6240375638
345,0.5711975694,0.7787082791
346,0.5755047202,0.814394474
347,0.5860752463,0.5478749871
348,0.5920268893,0.5837567449
349,0.4170862138,0.5093023181
350,0.4097584486,0.3482372761
351,0.3957243264,0.4223739207
352,0.4277684987,0.4683530331
353,0.3952210248,0.425217241
354,0.3782761097,0.4281661212
355,0.3560589254,0.9308883548
356,0.416300416,0.5883957744
357,0.4413832724,0.5870705247
358,0.4668132365,0.4719181359
359,0.5363392234,0.4861742258
360,0.3889116347,0.3649717271
361,0.3801756799,0.4043300152
362,0.4007032216,0.52920717
363,0.3830437958,0.3603107929
364,0.3982520998,0.5125453472
365,0.3681133091,0.5973159671
366,0.4103873074,0.4249749482
367,0.4673807621,0.4338699877
368,0.5369623899,0.5347805619
369,0.3812466562,0.3185380995
370,0.4438960254,0.4520489872
371,0.4049945772,0.8515111804
372,0.3589046001,0.5046415925
373,0.353404969,0.5499330759
374,0.3030636311,0.3385893404
375,0.3445118368,0.4514373541
376,0.3396352828,0.7190496922
377,0.3134650886,0.440220505
378,0.3473705053,0.5561888814
379,0.3728635013,0.5884872675
380,0.2640924454,0.2710064352
381,0.2636964619,0.490950197
382,0.2915298045,0.2758455276
383,0.3532912433,0.4447682798
384,0.3282463253,0.3481361866
385,0.3391934931,0.3874535263
386,0.3147974908,0.3062464893
387,0.3254393637,0.4391046464
388,0.4978280067,0.5889769197
389,0.5540789962,0.6660683155
390,0.3953463137,0.3772484064
391,0.5361302495,0.5257086754
392,0.5469051003,0.5384492874
393,0.5513501763,0.6297523975
394,0.4959583282,0.4979968369
395,0.5697697997,0.6015341878
396,0.4952965677,0.5363309979
397,0.4623294175,0.445510298
398,0.4670070112,0.4715367258
399,0.460722357,0.4579118192
400,0.4720098972,0.4616285264
401,0.4908291399,0.4923464358
402,0.483630091,0.4613766372
403,0.4989280701,0.5085735917
404,0.5602397919,0.5395384431
405,0.5845258832,0.623680532
406,0.6483847499,0.7033591866
407,0.6795697212,0.6804240346
408,0.6399979591,0.6813617349
409,0.6853696704,0.6585786939
410,0.6581725478,0.6939196587
411,0.7083435655,0.7062056661
412,0.8628094196,0.9515292048
413,0.9574256539,0.8813803792
414,0.8179493546,0.8957955837
415,0.3338654935,0.4836840332
416,0.3303687274,0.3515520096
417,0.3247891665,0.3026576042
418,0.3534990251,0.3537002504
419,0.3396024704,0.3660786152
420,0.3228696883,0.3573982418
421,0.359305948,0.3964868486
422,0.3871225417,0.4554231465
423,0.4258178473,0.4793735743
424,0.4705914557,0.5091117024
425,0.5449676514,0.4918580949
426,0.3983857334,0.4561439455
427,0.314599067,0.3723399639
428,0.2740520239,0.2853939533
429,0.3074815571,0.2890578508
430,0.3818185031,0.3707530797
431,0.3965757787,0.3685192764
432,0.5217658281,0.6027411222
433,0.5223037004,0.4505205154
434,0.5251411796,0.427318722
435,0.5184412003,0.40946123
436,0.4261347353,0.4071215391
437,0.3774729073,0.3713950217
438,0.412142992,0.3964529932
439,0.3932383955,0.4052772224
440,0.3798072636,0.3830065727
441,0.3508407176,0.3474148214
442,0.377543211,0.3570874631
443,0.3896932602,0.3722268045
444,0.4164763987,0.4149306118
445,0.4130394757,0.3885566294
446,0.3997475207,0.4109961987
447,0.4058255255,0.3740504682
448,0.3935637474,0.3358348906
449,0.3884926736,0.3618683815
450,0.4376707077,0.4284418523
451,0.5102519989,0.4868541062
452,0.5662992597,0.5367981195
453,0.5851629376,0.5581220984
454,0.6529633403,0.6869344115
455,0.654291451,0.6623701453
456,0.7096927762,0.6688498855
457,0.8603323102,0.8402050138
458,0.8124857545,0.9084816575
459,0.7501869798,0.796805203
460,0.7818142772,0.8070009351
461,0.8013342023,0.7996463776
462,0.9325914383,0.8894425035
463,0.8544371724,0.7867621779
464,0.8639488816,0.7261250615
465,0.7676744461,0.7268721461
466,0.6596013904,0.5677676797
467,0.6024209857,0.6558240056
468,0.5375919938,0.5837737918
469,0.6865412593,0.7397899628
470,0.6896802783,0.8176843524
471,0.6523109078,0.6930853724
472,0.6469561458,0.6984388828
473,0.6545481682,0.6938061714
474,0.6362948418,0.6810398698
475,0.668776691,0.6742017865
476,0.7110438347,0.6398252845
477,0.7491661906,0.6764919162
478,1.358047009,1.178115487
479,1.081627369,1.124283791
480,0.6820704341,0.7618546486
481,0.7931339145,0.8813655972
482,0.9735301137,1.096617103
483,0.9834025502,1.117537975
484,1.094231963,1.219122529
485,1.222417474,1.38442409
486,1.223535061,1.333070636
487,1.024602294,0.9975015521
488,1.111449361,1.334064841
489,1.135070324,1.26793468
490,1.3721174,1.433558822
491,1.452010512,1.348543763
492,1.130072713,1.152878404
493,0.6585381627,0.7486975789
494,0.6689400673,0.9194863439
495,0.6855521202,0.9290804863
496,0.7258043289,0.9494361877
497,0.6452266574,0.6393516064
498,0.7216952443,0.8650144935
499,0.6964197755,0.7949590683
500,0.6976796985,0.8488430977
501,0.8101129532,0.7636098862
502,0.5402747989,0.68618536
503,0.5569180846,0.5497424603
504,0.5434114337,0.5562919974
505,0.5410297513,0.4944871962
506,0.6378521919,0.4846038818
507,0.6052094102,0.4952284396
508,0.5897447467,0.4592330754
509,0.5352120996,0.4743765891
510,0.5184685588,0.5052040219
511,0.6309472919,0.4817152917
512,0.567219615,0.4712414742
513,0.5602069497,0.6042696834
514,0.5908874273,0.5685847402
515,0.624945879,0.6035379171
516,0.5421922803,0.5370907784
517,0.5490736961,0.5295188427
518,0.4967353344,0.5663227439
519,0.4729301035,0.5513834953
520,0.4623063505,0.5095666051
521,0.4822853506,0.5008971095
522,0.47612831,0.4766226709
523,0.4765590727,0.4660939872
524,0.4532110393,0.4618763924
525,0.4596177638,0.4749543667
526,0.5274273753,0.6158362627
527,0.5807098746,0.5906074047
528,0.499724865,0.5150651932
529,0.4668400586,0.3944091797
530,0.5096629262,0.3880703449
531,0.6418867111,0.4729813039
532,0.5112754107,0.4017511308
533,0.5612258315,0.5021476746
534,0.5718016624,0.4172190726
535,0.579421699,0.4390708208
536,0.6183834076,0.5363099575
537,0.5191244483,0.3913725615
538,0.4055644572,0.3808517456
539,0.5189244747,0.450303793
540,0.3764762878,0.3938367665
541,0.3059206903,0.3796341121
542,0.268930316,0.3282810748
543,0.349660635,0.4498348236
544,0.3561445773,0.4400432408
545,0.337683171,0.3509736955
546,0.3485672772,0.3024664223
547,0.3276006579,0.2899000645
548,0.3506173193,0.3098284304
549,0.3676185608,0.3443470895
550,0.4808088243,0.44284603
551,0.386862725,0.4842869043
552,0.3602382243,0.4146306217
553,0.3556822836,0.3840415776
554,0.4733713865,0.4873081148
555,0.4579839408,0.4934024811
556,0.3754247427,0.4393905699
557,0.3793041706,0.4094092846
558,0.3800571859,0.401410073
559,0.3800107241,0.4214315414
560,0.4273000956,0.5194656253
561,0.4069855213,0.412907362
562,0.4187223613,0.4137764871
563,0.4336123765,0.4264279604
564,0.4239840508,0.459240824
565,0.4403717816,0.503898561
566,0.3959901333,0.4480146468
567,0.416506201,0.4437250197
568,0.4206936359,0.501927793
569,0.4319602549,0.5367593169
570,0.4867287874,0.5125786662
571,0.468346864,0.4413847029
572,0.4739142358,0.508069098
573,0.5354405046,0.5450803041
574,0.4821753502,0.4379405975
575,0.5961392522,0.5564603209
576,0.4425190389,0.4005532265
577,0.4802348316,0.4760026932
578,0.5620188117,0.4992692471
579,0.5578564405,0.4822118282
580,0.5123547912,0.4341814518
581,0.5286300778,0.4182809591
582,0.530115366,0.4631355703
583,0.5615489483,0.4229718745
584,0.6752145886,0.6649973989
585,0.4819847047,0.4353807867
586,0.4412955344,0.3820868731
587,0.5961139798,0.4503248632
588,0.5514263511,0.5296429396
589,0.4608484507,0.4540230334
590,0.523662746,0.391371876
591,0.4980759919,0.397842139
592,0.4075332582,0.3714106977
593,0.3716834784,0.2888283432
594,0.4870241582,0.4278593957
595,0.3991633952,0.34459126
596,0.2429083139,0.2421526909
597,0.2629686892,0.2679075003
598,0.3206095994,0.235711813
599,0.2551032007,0.2070375234
600,0.3409202099,0.2856076062
601,0.2448852807,0.2191018462
602,0.2680187523,0.2864429057
603,0.2373347282,0.271797806
604,0.3548223972,0.3980990946
605,0.2689479887,0.3135979176
606,0.2362284809,0.2683341205
607,0.225892961,0.2593029439
608,0.3736766875,0.4280115068
609,0.444008112,0.4350388944
610,0.4597005844,0.501563251
611,0.4791991413,0.5091322064
612,0.471028477,0.5324789286
613,0.4718724787,0.5109905005
614,0.5019729137,0.5219759345
615,0.5231975913,0.4862401187
616,0.5273603797,0.5042364597
617,0.4962909222,0.4656438828
618,0.552990973,0.6371116042
619,0.7958517075,0.8382106423
620,0.9104898572,1.050225496
621,0.9223405719,0.9357067943
622,1.035985589,1.120667815
623,1.108935237,1.305232644
624,0.9814257622,1.133926868
625,0.8643988967,0.7952801585
626,0.7743780613,0.9761382937
627,0.7771350741,0.8487706184
628,0.9025231004,1.077489972
629,0.943202436,1.145871282
630,1.110049248,1.542528749
631,1.067628741,1.106125951
632,0.5852279067,0.5911317468
633,0.4584108293,0.4601383209
634,0.4518021643,0.452503711
635,0.4434318542,0.5158596039
636,0.4930990934,0.6143165231
637,0.4894583225,0.616096735
638,0.6567614675,0.8100147247
639,0.5017555356,0.5306280255
640,0.5854333639,0.6638949513
641,0.6416401863,0.4320334494
642,0.3972724378,0.3564401865
643,0.1434700489,0.2186888009
644,0.141691789,0.1777595729
645,0.1483243853,0.1747102141
646,0.1497925073,0.1899754554
647,0.183253482,0.1532993317
648,0.157081306,0.1773921251
649,0.177397266,0.1739529818
650,0.2014602274,0.1749088615
651,0.2056293935,0.1913396269
652,0.1830827445,0.1848018914
653,0.7237513661,0.7837820053
654,0.7541602254,0.7665221691
655,0.8879362941,0.9173429608
656,0.9408647418,1.085916996
657,0.9740636945,1.09884572
658,0.9637951851,1.087461114
659,0.9369868636,1.044977546
660,0.9338309169,1.074926734
661,0.9458929896,1.223915458
662,0.9663427472,1.052224994
663,0.9794607759,1.033385873
664,0.9539508224,0.9642252326
665,0.9162549973,0.9714816213
666,0.9886078238,1.107224107
667,0.9233634472,1.000579119
668,0.9235035777,0.9996185899
669,0.9240354896,0.9869749546
670,0.9284453392,0.9610363841
671,0.9659915566,1.142026782
672,0.8829271793,1.03163445
673,0.961458981,1.129932046
674,1.046168447,1.157273412
675,1.116121054,1.316160321
676,1.071826577,1.208984971
677,0.3901990354,0.3482922614
678,0.3328288496,0.2964939773
679,0.5058627725,0.4337966442
680,0.481641382,0.3597492278
681,0.4438419342,0.3514755964
682,0.4797277153,0.3756797314
683,0.5507838726,0.4116500318
684,0.484803468,0.4177211523
685,0.2986955047,0.3321684003
686,0.3127264678,0.352181226
687,0.2962701321,0.3578698635
688,0.3764959872,0.410045743
689,0.3368705511,0.458571285
690,0.4082091153,0.5285023451
691,0.4406455755,0.4111188352
692,0.4239855111,0.4540127814
693,0.4747402668,0.4461972415
694,0.5737898946,0.5064490438
695,0.6319074035,0.5452256203
696,0.5725817084,0.5605018139
697,0.6047794819,0.6005228162
698,0.7774109244,0.6943112016
699,0.6864414215,0.5737549663
700,0.5125402808,0.4270196855
701,0.5448215604,0.5292768478
702,0.6987965703,0.7217285633
703,0.5161376595,0.5335670114
704,0.490976125,0.5783085823
705,0.3985812366,0.4984526634
706,0.3474018574,0.3621765077
707,0.4082386494,0.5026977658
708,0.4133400023,0.4006498754
709,0.3612080514,0.3953178823
710,0.32087937,0.3495551646
711,0.284150809,0.3351674974
712,0.2750548422,0.3252274692
713,0.2534040511,0.2646893859
714,0.2875190973,0.2928060591
715,0.3053506911,0.2974012196
716,0.3125985563,0.2870275974
717,0.315330267,0.2997051477
718,0.3200878501,0.2863479853
719,0.2934780419,0.312019825
720,0.2767725885,0.3608933389
721,0.3366715014,0.599612236
722,0.2925253212,0.3157571554
723,0.2103847712,0.2690473497
724,0.1893502027,0.1580096632
725,0.1074721217,0.1318719238
726,0.1221668199,0.1390483528
727,0.1218076423,0.1472690552
728,0.1406506151,0.1204719916
729,0.1144810319,0.1246580705
730,0.1193856373,0.1239390001
731,0.1188608781,0.1172656193
732,0.1050697789,0.1173098981
733,0.2010255903,0.2378939241
734,0.202853322,0.2273989916
735,0.2389073521,0.2181769609
736,0.252085954,0.2667864561
737,0.2324593067,0.2557417154
738,0.4053012431,0.4869994223
739,0.3055487573,0.3320781887
740,0.3199727833,0.4182811975
741,0.3024044931,0.3112128675
742,0.3065536618,0.3168601692
743,0.2825702429,0.2928656042
744,0.2776382864,0.2780065238
745,0.2775878012,0.2667043507
746,0.2822264135,0.2713572085
747,0.2854018509,0.2973837554
748,0.2833498716,0.3051115572
749,0.2854445279,0.2880654037
750,0.2885898054,0.3153474331
751,0.2831239998,0.2723033428
752,0.281655103,0.2752382755
753,0.3071467578,0.2643970549
754,0.3489671648,0.413513571
755,0.3696645796,0.379314661
756,0.4203437269,0.3900190294
757,0.2389717102,0.2357913405
758,0.2570406497,0.2862300277
759,0.2927280664,0.2810204923
760,0.2806204259,0.2279536277
761,0.2911818326,0.2289860696
762,0.389634937,0.2862975895
763,0.3550399244,0.3260418177
764,0.3525532186,0.3043301404
765,0.2700169981,0.273271203
766,0.2726078033,0.2289510965
767,0.2720085979,0.2582363188
768,0.2814353406,0.2713219225
769,0.2459195256,0.2516750991
770,0.2535167336,0.2663075626
771,0.2592164576,0.2348734885
772,0.2473588437,0.2447156459
773,0.283564955,0.2962614894
774,0.3300486803,0.2984783053
775,0.3617427349,0.301389575
776,0.3377451897,0.3121987581
777,0.3139162958,0.2549653649
778,0.272282213,0.2248883843
779,0.2851240933,0.2475527972
780,0.2975539565,0.2638771534
781,0.2388098836,0.2297993898
782,0.1951959729,0.1989514977
783,0.2183724493,0.2136972547
784,0.2742690146,0.2569227517
785,0.221679613,0.1905640215
786,0.2044576406,0.187697351
787,0.2012894303,0.1797546893
788,0.2628017366,0.184230268
789,0.3391370773,0.2822702229
790,0.2287079692,0.2178765088
791,0.2294475585,0.1830875427
792,0.2350973487,0.2255423069
793,0.2858297527,0.2372906655
794,0.3406614363,0.2252385616
795,0.3111778498,0.2201231271
796,0.1750791073,0.1390820146
797,0.4889210165,0.4976211786
798,0.5477269292,0.5168988705
799,0.5328276753,0.5117719769
800,0.5607993007,0.5385063887
801,0.5670787692,0.537714839
802,0.5783128738,0.573372066
803,0.5888649225,0.5942921638
804,0.5943246484,0.5593207479
805,0.6041292548,0.6099197268
806,0.6231713295,0.6118627787
807,0.5974097848,0.6176349521
808,0.6070664525,0.6459248662
809,0.5716815591,0.6263308525
810,0.5911825299,0.6169278622
811,0.5945987701,0.6537991166
812,0.5963472724,0.6575125456
813,0.6387605071,0.655777216
814,0.6097078919,0.630182445
815,0.5447774529,0.5783689618
816,0.5492281318,0.558804214
817,0.5757536888,0.5519239306
818,0.6016944647,0.6077278256
819,0.6189089417,0.5845059752
820,0.6293655038,0.5734369755
821,0.6472300887,0.4554953575
822,0.4641775191,0.5811946988
823,0.2790182531,0.2329030484
824,0.253980428,0.2511970103
825,0.2553246617,0.2033881992
826,0.140906468,0.1435900182
827,0.1344919652,0.1366862208
828,0.1239669695,0.1267935634
829,0.1465559453,0.1597097963
830,0.1438086182,0.1778817326
831,0.171227172,0.180792287
832,0.2055940032,0.1825670451
833,0.1786941886,0.1593456715
834,0.1727274507,0.1712781936
835,0.1829651147,0.1729699373
836,0.1914166957,0.1949425936
837,0.2226077467,0.1992978901
838,0.2325871736,0.2556895912
839,0.2412943244,0.2247193605
840,0.2222483903,0.2291229516
841,0.2343637198,0.2161712497
842,0.2273061723,0.2501016855
843,0.2695340514,0.3027245402
844,0.273436904,0.3914481401
845,0.2808765471,0.2093555182
846,0.2919771969,0.3058734238
847,0.2714884579,0.2535845041
848,0.2733526826,0.2504949272
849,0.2903828323,0.2287262678
850,0.3254921138,0.2309735566
851,0.297036171,0.2455010414
852,0.3354608119,0.2853905857
853,0.2734502852,0.2185282558
854,0.3779834211,0.3509009778
855,0.2974388897,0.2779943645
856,0.2679177225,0.2816922367
857,0.32372877,0.3389290571
858,0.2891288996,0.319511652
859,0.2611763477,0.3940298259
860,0.3064250052,0.3587056696
861,0.3036043346,0.2745811641
862,0.3345770836,0.3816856146
863,0.3092389107,0.3616825044
864,0.3251610994,0.3947886527
865,0.3868673146,0.3473565876
866,0.467798084,0.3456299007
867,0.3439818621,0.2759536803
868,0.3674942553,0.3597629964
869,0.4055260718,0.343944639
870,0.3552336395,0.2801660895
871,0.380227834,0.3318205476
872,0.3473480642,0.2908382714
873,0.3549937904,0.3440102637
874,0.3949103653,0.4123252332
875,0.4533755779,0.5892013907
876,0.4025036395,0.4342049658
877,0.3007857203,0.3266863525
878,0.3170824349,0.3101890385
879,0.3538309634,0.3622831404
880,0.3980908394,0.3946599066
881,0.4172569513,0.4094897807
882,0.4689061344,0.4193052948
883,0.6003662944,0.4749684632
884,0.4981185198,0.4087630808
885,0.538238287,0.4110582173
886,0.5836074948,0.4648346603
887,0.6425643563,0.5277421474
888,0.5884046555,0.5044352412
889,0.6521431208,0.5748490691
890,0.4967822134,0.3919159174
891,0.5753856301,0.3918128908
892,0.4574634731,0.3530496359
893,0.3415623605,0.3195483387
894,0.3710501492,0.3930752277
895,0.39681229,0.3911416531
896,0.3362599313,0.3419300616
897,0.2996512055,0.2850621045
898,0.3072794676,0.2641048729
899,0.3560632765,0.3745229244
900,0.4426531494,0.4423206747
901,0.3666489124,0.3691433966
902,0.3818359077,0.3438328207
903,0.2936908901,0.3144656718
904,0.3017851412,0.324701041
905,0.3184111118,0.3386940062
906,0.3504809141,0.3375271857
907,0.3597489893,0.3926766813
908,0.3349041939,0.3588905632
909,0.2921676338,0.3457938433
910,0.3023173511,0.2914231718
911,0.2979823053,0.287754029
912,0.2942993343,0.3065577447
913,0.2485464811,0.3058133721
914,0.3026710451,0.3819571733
915,0.2799270451,0.3125993907
916,0.3119591475,0.3650663197
917,0.3288172185,0.3909946978
918,0.3967193365,0.4169885218
919,0.3689583838,0.3374547958
920,0.3629813194,0.3643393815
921,0.3440304101,0.3441158831
922,0.4273333251,0.4599931538
923,0.3511241972,0.3220169246
924,0.401471138,0.3474312723
925,0.3151794374,0.3153429329
926,0.3231598437,0.352288723
927,0.3172430992,0.3546994925
928,0.3274695873,0.3362071514
929,0.3692270815,0.3226808906
930,0.3477143943,0.2977997959
931,0.3397938013,0.3129588664
932,0.375572592,0.3545154333
933,0.410359472,0.3437999487
934,0.3507824242,0.3151380718
935,0.3412023485,0.3318555057
936,0.3330399692,0.3339029551
937,0.3189634681,0.3475092649
938,0.4227026403,0.40533638
939,0.4468865097,0.4571737349
940,0.4090995491,0.4022437036
941,0.4121553004,0.4298732281
942,0.4517206252,0.4013393819
943,0.3119029701,0.3209928572
944,0.3278847635,0.3786826134
945,0.3779737055,0.348554045
946,0.3177478611,0.2763936818
947,0.2793655694,0.2785305679
948,0.2921870053,0.3260807097
949,0.2926279008,0.3043991625
950,0.2752314508,0.2687060833
951,0.2636829913,0.3020012975
952,0.224426344,0.2793540955
953,0.201126501,0.2560991347
954,0.199882105,0.2485116273
955,0.189961955,0.2614637315
956,0.2032820731,0.2333654761
957,0.2633062601,0.2670827806
958,0.2420095801,0.2106703669
959,0.2418862581,0.2208530307
960,0.3082261384,0.3569157124
961,0.3276917636,0.3678125441
962,0.2839933336,0.2299510092
963,0.2610156238,0.2264322042
964,0.2548231781,0.2235925198
965,0.2519331574,0.2315245718
966,0.3269968331,0.2916738987
967,0.5513899326,0.4927797318
968,1.048748374,1.035502315
969,1.120662212,1.142172813
970,1.175388217,1.418703079
971,1.189110518,1.348324776
972,1.239293575,1.416877747
973,1.320138454,1.473964095
974,1.298167348,1.401420712
975,1.342256904,1.554791808
976,1.297991872,1.511924148
977,1.312791228,1.380998135
978,1.335655212,1.291528821
979,1.236234546,1.342976689
980,1.337437987,1.504152656
981,1.349487305,1.440885544
982,1.375311852,1.415640235
983,1.419916987,1.435352206
984,0.9274594784,0.9396746755
985,0.8309693933,0.8793409467
986,0.9886193275,1.313386321
987,0.9751896262,1.141411424
988,1.097932696,1.193117738
989,0.9791285992,1.058067083
990,0.7272298932,0.7382089496
991,0.5393867493,0.6843611598
992,0.7889963984,0.7772843242
993,0.732092917,0.6131336093
994,0.7453102469,0.476498872
995,0.7189555168,0.3794620037
996,0.7043884397,0.3314787447
997,0.6167113781,0.352306217
998,0.6494803429,0.3236055076
999,0.5239964128,0.3840866089
1000,0.4570629895,0.470195055
1001,0.4519717991,0.5622771382
1002,0.3492377698,0.4862646759
1003,0.4038655758,0.5519028306
1004,0.4459396303,0.441233784
1005,0.4217913151,0.4387122393
1006,0.4069422185,0.3588238955
1007,0.4528256357,0.48468104
1008,0.4911881685,0.4449400008
1009,0.5419824719,0.4291534424
1010,0.4582763612,0.3855268061
1011,0.4360365868,0.4095284939
1012,0.4038902521,0.4379394948
1013,0.3918147981,0.4545640051
1014,0.3787824214,0.4367017448
1015,0.394559294,0.3800127208
1016,0.4447927475,0.288649112
1017,0.3980137408,0.3503792286
1018,0.4735770226,0.3627637327
1019,0.4411612451,0.4213837683
1020,0.3321643472,0.2917239964
1021,0.341574192,0.3537016213
1022,0.3430944383,0.3679206669
1023,0.3509915769,0.494294256
1024,0.4595592916,0.6004003286
1025,0.4021984339,0.4100543261
1026,0.3621888161,0.3022987247
1027,0.3649032414,0.3431424797
1028,0.2829149067,0.2650301158
1029,0.302703917,0.274925679
1030,0.3612918556,0.3288496435
1031,0.4640316963,0.4061898291
1032,0.5043120384,0.6016785502
1033,0.526257813,0.4777229726
1034,0.6224272847,0.5661027431
1035,0.7773290277,0.7290506363
1036,0.8276037574,0.741631031
1037,0.6715090275,0.4962031841
1038,0.5927270055,0.4680958688
1039,0.6267777681,0.5286867023
1040,0.4998703003,0.3559440672
1041,0.4392621517,0.3823399544
1042,0.5396581292,0.3997753561
1043,0.3817878664,0.3520263731
1044,0.4248476028,0.3906378746
1045,0.448379308,0.4191893637
1046,0.4109754562,0.4030871391
1047,0.4305296838,0.4118320644
1048,0.3547684252,0.3010477722
1049,0.2992475927,0.3316328526
1050,0.2451284379,0.2097172737
1051,0.2488526851,0.2456459254
1052,0.2681391239,0.267991066
1053,0.2750429809,0.2701295614
1054,0.3330720961,0.3116119206
1055,0.316105336,0.3615293801
1056,0.3305710554,0.3219431639
1057,0.4139659703,0.4005146027
1058,0.2976400256,0.2671367228
1059,0.2987998128,0.2850706875
1060,0.2147838324,0.2083311528
1061,0.2267836183,0.2169940025
1062,0.2176584601,0.182986334
1063,0.1939645559,0.200031355
1064,0.1796394587,0.199289158
1065,0.1824502796,0.1684649587
1066,0.1978892833,0.193092525
1067,0.198362872,0.2712833285
1068,0.1802489907,0.204971537
1069,0.2013007402,0.1918782592
1070,0.2394921631,0.2150516659
1071,0.2822932005,0.2947535217
1072,0.3570517004,0.3705084324
1073,0.4515079558,0.4454508722
1074,0.4344531,0.3674924374
1075,0.5769453049,0.5022854805
1076,0.3992923796,0.3450072706
1077,0.3457646072,0.3607876301
1078,0.3293656111,0.321629256
1079,0.3911198676,0.3847775757
1080,0.3943191469,0.3899236619
1081,0.4183649123,0.4225166738
1082,0.407192111,0.3749288619
1083,0.4223862588,0.3431367874
1084,0.4076918662,0.3279511034
1085,0.4253441989,0.3870705366
1086,0.411960721,0.3702540696
1087,0.4259904325,0.3814363182
1088,0.471111387,0.4466426373
1089,0.5160691738,0.4819488823
1090,0.5470386147,0.4812204838
1091,0.6807333827,0.7273416519
1092,0.8746445775,0.9149978757
1093,0.7879367471,0.8107537627
1094,0.8932144642,0.9233564734
1095,1.062990546,1.169152737
1096,1.179786801,1.20625639
1097,1.340604186,1.291598916
1098,1.387595534,1.357642055
1099,1.35892117,1.311524034
1100,1.26597333,1.271671653
1101,1.641595364,1.778671145
1102,1.930153728,1.846588612
1103,1.873934865,1.824968338
1104,1.959795952,1.88196981
1105,1.666896701,1.622403741
1106,1.398952365,1.574997306
1107,1.310443044,1.444866657
1108,1.400982857,1.267542958
1109,1.264632106,1.224179149
1110,1.302170873,1.194437265
1111,1.285573959,1.275086761
1112,1.18164742,1.143202424
1113,1.37501967,1.584314942
1114,1.262094259,1.533346772
1115,0.8621115685,1.136427045
1116,0.3741039038,0.3658873141
1117,0.4139250815,0.5180122256
1118,0.358230114,0.3640057147
1119,0.3703242838,0.3909678161
1120,0.3887920082,0.4484378099
1121,0.3863846064,0.4647536576
1122,0.3994322717,0.5103533268
1123,0.4227423668,0.5037322044
1124,0.3547028303,0.3876174688
1125,0.4433760643,0.4421218932
1126,0.3550042808,0.4124981463
1127,0.3453384638,0.437482357
1128,0.3578086793,0.463578701
1129,0.3530672491,0.4368753433
1130,0.3609972894,0.4423947036
1131,0.3693175614,0.4923059642
1132,0.4080655873,0.5507525802
1133,0.4126504362,0.5241145492
1134,0.3216334879,0.3450003862
1135,0.2986384332,0.3521084785
1136,0.2974615395,0.3446767628
1137,0.2959240973,0.4272055328
1138,0.3648504317,0.530783236
1139,0.2488690615,0.2840442955
1140,0.2464726567,0.2909272015
1141,0.2540080249,0.2928942144
1142,0.2154622674,0.1951445788
1143,0.220423758,0.2314255983
1144,0.2698867023,0.2548642457
1145,0.2603882253,0.2326660752
1146,0.2499024868,0.2213241607
1147,0.254612416,0.2068486959
1148,0.2693054676,0.1952117682
1149,0.4173099101,0.2091684341
1150,0.2785802782,0.1789364666
1151,0.1985424161,0.1593891531
1152,0.2075790614,0.191259101
1153,0.2370318323,0.1905358583
1154,0.3576354086,0.323287338
1155,0.4874329269,0.4378805459
1156,0.5219782591,0.5605025887
1157,0.5464739203,0.6416026354
1158,0.5565305352,0.6427209973
1159,0.5591149926,0.5936772823
1160,0.5645909905,0.7056958079
1161,0.6665742397,0.7687079906
1162,0.7154102325,0.7290222049
1163,0.746683836,0.7741907239
1164,0.6903494,0.7943124771
1165,0.7586883903,1.055110216
1166,0.8143103123,1.002423167
1167,0.76639992,0.9190551639
1168,0.8771204352,1.031653166
1169,0.7506744266,0.9003373981
1170,0.7992572784,0.902297318
1171,0.7756916881,0.8813402057
1172,0.6233633161,0.761285603
1173,0.6220597625,0.800124228
1174,0.7687187195,0.9432625175
1175,0.5344533324,0.638651669
1176,0.4618456364,0.607004106
1177,0.543607831,0.61375314
1178,0.2834011316,0.3037455082
1179,0.3107156456,0.251681447
1180,0.4045804739,0.2968993485
1181,0.3587423563,0.2442770451
1182,0.3073467314,0.2504655421
1183,0.3461316824,0.2526525855
1184,0.3567975461,0.2879189253
1185,0.5536081195,0.3476746082
1186,0.6040056348,0.3445397913
1187,0.6077980399,0.3616907895
1188,0.5798520446,0.4148417413
1189,0.7812234759,0.527267158
1190,0.7246574759,0.4836897552
1191,0.6242977977,0.4677502215
1192,0.5679240227,0.5250560641
1193,0.5019914508,0.4964330196
1194,0.5543233752,0.576942265
1195,0.702955246,0.769757092
1196,0.6255993247,0.7503897548
1197,0.5574631691,0.5822965503
1198,0.7607114911,0.9454621673
1199,0.7362311482,0.8381702304
1200,0.8881669044,1.025364161
1201,0.8339180946,0.8059084415
1202,0.8073393703,0.754163444
1203,0.7088455558,0.7451515794
1204,0.6679434776,0.6702232361
1205,0.7030928731,0.7009375691
1206,0.6740114093,0.5896253586
1207,0.708650589,0.6852909923
1208,0.6616067886,0.803000927
1209,0.5804110169,0.6988421082
1210,0.6174527407,0.7350177765
1211,0.7608742714,0.9141325951
1212,0.7961133122,0.8189920783
1213,0.5199444294,0.634480238
1214,0.5465934873,0.7222563624
1215,0.4999553263,0.5937409997
1216,0.5041797161,0.6096829772
1217,0.5989620686,0.6166005135
1218,0.4452012479,0.5771670938
1219,0.4254409373,0.6041150689
1220,0.380092144,0.5418934226
1221,0.3990210295,0.497479111
1222,0.3720071614,0.4946360588
1223,0.3688498437,0.4181184471
1224,0.3702749908,0.393516928
1225,0.3765846193,0.4176824987
1226,0.4172778428,0.4343636036
1227,0.382963866,0.3968168199
1228,0.3649995327,0.3628619015
1229,0.5743020177,0.4214735031
1230,0.2598668933,0.2395470887
1231,0.1900762767,0.2137021422
1232,0.1556188017,0.1967655271
1233,0.1308643967,0.1673030853
1234,0.1373100281,0.1640669554
1235,0.1627037376,0.1847084612
1236,0.1800166368,0.1929746121
1237,0.177166298,0.1948594004
1238,0.1801101416,0.1900875121
1239,0.1866876483,0.2020558715
1240,0.1884428263,0.218190074
1241,0.215734005,0.2125294954
1242,0.2598591745,0.2873545289
1243,0.2411073893,0.2896310389
1244,0.3117312193,0.3551677167
1245,0.2216343135,0.2900143564
1246,0.1429260522,0.1546441615
1247,0.1512340456,0.2214666009
1248,0.3685435355,0.4597275257
1249,0.3834120333,0.5615121722
1250,0.4038346708,0.4926016331
1251,0.3376480341,0.366368562
1252,0.3556621969,0.3743650615
1253,0.3628169596,0.3746516705
1254,0.4863885343,0.4787582457
1255,0.5728083253,0.536452949
1256,0.6538444161,0.706551075
1257,0.6753995419,0.7076954246
1258,0.6532551646,0.7812920213
1259,0.5153930783,0.6648111939
1260,0.517981112,0.7268366218
1261,0.4702044427,0.5720283389
1262,0.4761370718,0.4927762747
1263,0.4908668101,0.4823308885
1264,0.4855362177,0.5434890389
1265,0.4953090847,0.6038327813
1266,0.4871216714,0.5753931403
1267,0.560041666,0.5722953677
1268,0.6906318665,0.6932902336
1269,0.815517962,0.8138985634
1270,0.9584260583,0.9092985988
1271,0.6609871387,0.7287383676
1272,0.4722479582,0.4351211786
1273,0.4711403549,0.4679259956
1274,0.4770891368,0.4482285082
1275,0.5016207099,0.5037301183
1276,0.5381731391,0.6155112982
1277,0.4895859957,0.5972326398
1278,0.3008446991,0.3702472746
1279,0.3122595549,0.3542672694
1280,0.3227483034,0.3284410834
1281,0.3267255723,0.3679419756
1282,0.3308774531,0.345135361
1283,0.3932361901,0.3516014516
1284,0.3720291853,0.3418180048
1285,0.3477680981,0.3354516327
1286,0.3480686247,0.3796920776
1287,0.3462745249,0.4097648561
1288,0.3637683094,0.3680400848
1289,0.3942449093,0.378650099
1290,0.3441134691,0.3427657187
1291,0.3405663073,0.3576869667
1292,0.3383517265,0.2563728392
1293,0.4066097736,0.266528815
1294,0.3599978387,0.2573068142
1295,0.3223009408,0.2772431374
1296,0.3792947233,0.2553966939
1297,0.4019887447,0.3108997941
1298,0.3627094924,0.2896921635
1299,0.3866024911,0.3239448965
1300,0.320977211,0.2682816684
1301,0.2835125625,0.2654222548
1302,0.3047681749,0.2658589482
1303,0.2677345276,0.2533625364
1304,0.2317727208,0.2254015654
1305,0.2104563713,0.2056688517
1306,0.2243931741,0.224602893
1307,0.2219781429,0.2471224517
1308,0.2240967005,0.2675683796
1309,0.1935911328,0.2317521572
1310,0.2243867666,0.2273295671
1311,0.2249191254,0.2210802585
1312,0.2701149583,0.2654308677
1313,0.2534296215,0.2393888682
1314,0.2610647976,0.2660495341
1315,0.316706568,0.2720802128
1316,0.2677079141,0.2649790943
1317,0.2567462027,0.3164357841
1318,0.2875932753,0.2937162817
1319,0.265691936,0.3121060431
1320,0.2759985626,0.3344798088
1321,0.3136956692,0.3086697161
1322,0.4009333551,0.4146137238
1323,0.2820150256,0.2889814675
1324,0.2555281818,0.2200638056
1325,0.3664593995,0.3146356642
1326,0.3315474391,0.2585850358
1327,0.4180152714,0.3502884805
1328,0.3574509621,0.2414355874
1329,0.34805879,0.2957805991
1330,0.309035182,0.2684209645
1331,0.4206843078,0.4329406023
1332,0.3121345639,0.272955209
1333,0.2777010798,0.2501853406
1334,0.1823798269,0.2324603051
1335,0.2053097934,0.2030582428
1336,0.1377252936,0.1483133435
1337,0.145503059,0.1577395201
1338,0.1514519155,0.1856295317
1339,0.3991453648,0.394204855
1340,0.5556602478,0.5270457864
1341,0.5235258937,0.5346209407
1342,0.606110394,0.6654877067
1343,0.6943674088,0.7111360431
1344,0.6859791279,0.7591401935
1345,0.6841595769,0.6988798976
1346,0.674115181,0.6757064462
1347,0.6526750922,0.6395853758
1348,0.6789879799,0.7462897301
1349,0.7548441291,0.7954129577
1350,0.7156819701,0.793286562
1351,0.7492834926,0.8262287974
1352,0.7345960736,0.7434127331
1353,0.8896071315,0.8484804034
1354,0.7521054149,0.6444165111
1355,0.7272230983,0.7245295644
1356,0.8040322661,0.6703545451
1357,0.7151536345,0.8045864105
1358,0.7430377007,0.8162803054
1359,0.7930366993,0.8524181247
1360,0.8365473747,0.878331244
1361,0.876904428,0.7811160088
1362,0.7341967225,0.6432960033
1363,0.3449548781,0.3395419419
1364,0.3999572694,0.4844562113
1365,0.4146820605,0.5210926533
1366,0.4683555663,0.543961525
1367,0.5619874597,0.6971947551
1368,0.4347947836,0.3918173611
1369,0.4484589994,0.3782422841
1370,0.4210534096,0.3724752367
1371,0.4025864601,0.3467604816
1372,0.4053719044,0.3722899854
1373,0.3475358486,0.3279069662
1374,0.3429957926,0.4010249376
1375,0.3007836044,0.3336706161
1376,0.3267331123,0.4059871733
1377,0.3657959402,0.3418572843
1378,0.4415951669,0.4817228019
1379,0.5099226832,0.6966109872
1380,0.3914849758,0.4020390511
1381,0.3150948584,0.3574788868
1382,0.2688976824,0.2730778754
1383,0.2217787951,0.2336991578
1384,0.143321529,0.1502795815
1385,0.141088888,0.1542354077
1386,0.1582196504,0.1612841934
1387,0.2147758454,0.1971748322
1388,0.1773205251,0.1235951409
1389,0.176554203,0.1453868747
1390,0.1977122277,0.1502067
1391,0.2055173665,0.1856178641
1392,0.269223839,0.2547079921
1393,0.2438695431,0.2637455761
1394,0.289935112,0.3139097095
1395,0.2779231966,0.2898682058
1396,0.2877254188,0.31336236
1397,0.3666098416,0.4189960063
1398,0.3901140392,0.4027553797
1399,0.3692890406,0.3753577471
1400,0.4294758737,0.4013724327
1401,0.4635579884,0.4444638193
1402,0.5240616798,0.5995947123
1403,0.5466021895,0.5320082307
1404,0.5520273447,0.5019567013
1405,0.611682117,0.5640293956
1406,0.6278428435,0.5367569327
1407,0.6169599891,0.5925157666
1408,0.6331859827,0.575489819
1409,0.5740705132,0.5464859605
1410,0.5626604557,0.5448184013
1411,0.5632501245,0.5800567269
1412,0.5403957367,0.6348070502
1413,0.5461819768,0.61857301
1414,0.5530357361,0.640707016
1415,0.5641112328,0.5992617011
1416,0.6325447559,0.6691145301
1417,0.5577172041,0.6086161137
1418,0.5999734998,0.8492641449
1419,0.5514588356,0.5351477265
1420,0.5859873891,0.6459550261
1421,0.38778615,0.3406945169
1422,0.4035694599,0.3920582235
1423,0.4314723909,0.4568943977
1424,0.4176327884,0.4612693787
1425,0.4946361482,0.4718771875
1426,0.565266192,0.482398361
1427,0.6268793941,0.7496845722
1428,0.649523735,0.578194797
1429,0.4042320549,0.395532608
1430,0.2605350018,0.1750776172
1431,0.2867683172,0.1613417268
1432,0.1968525797,0.1929815859
1433,0.2068645805,0.1905689985
1434,0.1633149534,0.1649419367
1435,0.236084938,0.2117786556
1436,0.2215148658,0.2461429238
1437,0.2245656252,0.291107744
1438,0.2299592346,0.2515347898
1439,0.2467458695,0.2305629402
1440,0.2705341876,0.3172622323
1441,0.3019650877,0.2847842872
1442,0.412489742,0.39813748
1443,0.5847279429,0.6312266588
1444,0.4925332963,0.6480020881
1445,0.5279100537,0.6562903523
1446,0.5455675721,0.5867998004
1447,0.563847959,0.7140848637
1448,0.6276802421,0.7290350795
1449,0.6590708494,0.6632965803
1450,0.6482428908,0.5855941176
1451,0.6260744929,0.609903574
1452,0.5879197717,0.6544978023
1453,0.7086822391,0.7567305565
1454,0.6707659364,0.7937172055
1455,0.7165880203,0.8611796498
1456,0.506400764,0.4967340529
1457,0.4895474017,0.556009531
1458,0.4905094802,0.5194858313
1459,0.3437685966,0.3849939108
1460,0.331687808,0.3626721799
1461,0.3861989081,0.451302439
1462,0.3599247038,0.375980258
1463,0.3470720053,0.3455847502
1464,0.3152201474,0.3136731088
1465,0.3304617107,0.3091862202
1466,0.2906011343,0.3357122242
1467,0.378513813,0.3069523573
1468,0.3032483459,0.24539949
1469,0.2888613939,0.2367058992
1470,0.3158321083,0.2103280574
1471,0.2792195976,0.2878808081
1472,0.2239818573,0.2137855738
1473,0.2107566744,0.1799487621
1474,0.2244338989,0.2162172049
1475,0.2709041238,0.248433724
1476,0.2003077269,0.2172025442
1477,0.1759134531,0.2029022574
1478,0.2037065029,0.2087351084
1479,0.2039624006,0.2170049101
1480,0.2070208788,0.2257614136
1481,0.2196313739,0.2237813622
1482,0.1995279789,0.2061510235
1483,0.1789814383,0.1833770126
1484,0.1611184031,0.187749505
1485,0.1893616319,0.2148021013
1486,0.1840200871,0.2011142969
1487,0.2084318846,0.209655568
1488,0.1447985023,0.1514564008
1489,0.1383033842,0.1443251967
1490,0.1491792351,0.145832777
1491,0.1461271942,0.1675449163
1492,0.1586785465,0.1841951162
1493,0.1557392478,0.1553125381
1494,0.1483161151,0.1658423543
1495,0.1454045027,0.1479930878
1496,0.2309522182,0.2315028161
1497,0.179490149,0.1969889849
1498,0.148823455,0.1316808909
1499,0.1592409909,0.1327794939
1500,0.1814011782,0.1524184793
1501,0.1698321551,0.1476400942
1502,0.2388580292,0.1796113253
1503,0.1919258833,0.1900386363
1504,0.1419653445,0.1748937815
1505,0.1740380079,0.1989374906
1506,0.1743001193,0.2016320825
1507,0.1718988866,0.196603477
1508,0.1830808967,0.1585554481
1509,0.1962356567,0.1774779409
1510,0.2028654814,0.1699265391
1511,0.2265706807,0.1813360453
1512,0.2376028746,0.2142796963
1513,0.264945209,0.2682819068
1514,0.2692754567,0.2551500499
1515,0.2950002849,0.2557918727
1516,0.2686491609,0.2709199488
1517,0.3019419014,0.2642234862
1518,0.3403805494,0.3256668448
1519,0.5365398526,0.545838654
1520,0.5532093644,0.5447440743
1521,0.607339859,0.6150301099
1522,0.6287793517,0.6374214888
1523,0.6553358436,0.6863229275
1524,0.7449300885,0.7788252831
1525,0.7079980373,0.7475705147
1526,0.7824594378,0.8294304013
1527,1.107678294,1.120889544
1528,2.025667429,1.959185481
1529,2.349453926,2.287398577
1530,2.525043488,2.65901351
1531,2.631958961,2.559829712
1532,2.749619722,2.790652275
1533,2.340556145,2.306684256
1534,2.568081141,2.633893251
1535,2.96931529,2.873938322
1536,2.479847908,2.33381772
1537,2.602409601,2.494398355
1538,2.445545912,2.177908897
1539,2.138183355,2.058237076
1540,2.135602713,2.124092817
1541,2.058288574,1.971790314
1542,1.72293365,1.663100243
1543,1.274058223,1.264774442
1544,1.371282578,1.401088357
1545,1.242328525,1.142132878
1546,1.350143909,1.38696003
1547,1.425657153,1.34211266
1548,1.278022766,1.340509295
1549,1.436921239,1.460609317
1550,1.371446133,1.381877303
1551,0.7276040912,0.7891914248
1552,0.7061170936,0.5530927181
1553,0.4383029044,0.257532388
1554,0.5005674362,0.3513819873
1555,0.4317190945,0.225278914
1556,0.3460359871,0.220288828
1557,0.3768528998,0.2628100812
1558,0.4403580129,0.3756266534
1559,0.3987898529,0.4676025808
1560,0.3664667904,0.3389317095
1561,0.2939604819,0.3739843369
1562,0.3414037526,0.4168104827
1563,0.3381273746,0.3975633085
1564,0.2640706599,0.2694169283
1565,0.2867968976,0.3068229258
1566,0.261790961,0.2952575982
1567,0.2570851445,0.3023906052
1568,0.2466717958,0.3241486847
1569,0.2522187531,0.2969364822
1570,0.263258338,0.2533521354
1571,0.3514965773,0.2780070007
1572,0.3100038469,0.2414609939
1573,0.2695197165,0.2489442378
1574,0.2465581894,0.2347577065
1575,0.2386740893,0.2174653411
1576,0.2472263426,0.2471090406
1577,0.2468691319,0.2436321974
1578,0.2620765865,0.2230463773
1579,0.4022367001,0.3372787535
1580,0.3949557841,0.3608984947
1581,0.4017482996,0.389626056
1582,0.4731732905,0.4984386265
1583,0.4853884876,0.4993067682
1584,0.5530781746,0.5437888503
1585,0.4610218108,0.4701311886
1586,0.3823164403,0.3515242338
1587,0.4264933169,0.3310299516
1588,0.3991661966,0.3833001554
1589,0.4111736119,0.4069509506
1590,0.4539072514,0.4247446954
1591,0.4617509842,0.4343139827
1592,0.5172736049,0.4899808168
1593,0.5414455533,0.4848891497
1594,0.5542364717,0.4773345292
1595,0.546020329,0.4924950302
1596,0.5509347916,0.5192789435
1597,0.5290942788,0.5559379458
1598,0.5419700146,0.5956091881
1599,0.547606647,0.5648345351
1600,0.5957311392,0.5512756705
1601,0.5899123549,0.5751162171
1602,0.5853468776,0.6148492694
1603,0.5458774567,0.5030121207
1604,0.5911271572,0.6007786393
1605,0.5930562019,0.6311206818
1606,0.8246683478,0.7439634204
1607,0.6034103632,0.4426366389
1608,0.5923356414,0.5387172699
1609,0.7270877957,0.6810390353
1610,0.6564227939,0.623608768
1611,0.4617335796,0.4603424966
1612,0.4182007313,0.5147867799
1613,0.3939046562,0.4901617467
1614,0.3540804386,0.4418533742
1615,0.3704771996,0.4196870625
1616,0.3712824583,0.4434771538
1617,0.4003406763,0.4954852164
1618,0.4133419991,0.3912312984
1619,0.40964818,0.3778569698
1620,0.5497091413,0.5968757272
1621,0.3843177259,0.3343017995
1622,0.2339731306,0.1985831261
1623,0.2609412372,0.2556149364
1624,0.25867033,0.2873273194
1625,0.2474349588,0.3552347422
1626,0.2837811708,0.3634130061
1627,0.3203025162,0.452369839
1628,0.3717845678,0.5262940526
1629,0.3408919275,0.4370342493
1630,0.3415647447,0.3785240352
1631,0.3306617737,0.430760622
1632,0.2913362384,0.2992540896
1633,0.3527153432,0.2995074391
1634,0.3615094721,0.3593204916
1635,0.353910476,0.3685218394
1636,0.3485285342,0.358291626
1637,0.3423040807,0.2937027514
1638,0.3589097261,0.3347503245
1639,0.4124002457,0.4623000622
1640,0.3716938496,0.3813070357
1641,0.4485058486,0.5388954282
1642,0.3723823726,0.5682389736
1643,0.3837854564,0.5104988217
1644,0.2938312292,0.34465909
1645,0.3221708834,0.3502930701
1646,0.303216964,0.3435580432
1647,0.3113276064,0.3646779954
1648,0.2815202773,0.3199603558
1649,0.2717989683,0.2934408486
1650,0.3337742984,0.2851893604
1651,0.3662188053,0.271610409
1652,0.3942803442,0.2847830057
1653,0.2114333063,0.2315609455
1654,0.226371035,0.2220072746
1655,0.2358956784,0.2380760908
1656,0.2454902381,0.2222268134
1657,0.2499933094,0.3356603086
1658,0.2262640446,0.244367376
1659,0.2126529813,0.2221110612
1660,0.1620721668,0.1682583243
1661,0.1871771365,0.174105525
1662,0.177660659,0.169086054
1663,0.1856917143,0.1708703488
1664,0.1949774772,0.1700572968
1665,0.1807259917,0.1563740373
1666,0.1919067502,0.1914415359
1667,0.2209740132,0.2355204374
1668,0.240357399,0.2503378093
1669,0.1982331127,0.209288761
1670,0.2063758522,0.2343966216
1671,0.211859718,0.189749971
1672,0.2502289414,0.2240095586
1673,0.2374676913,0.2688108385
1674,0.1295104772,0.1260474771
1675,0.140061304,0.1286605746
1676,0.1347650737,0.1568214595
1677,0.1479726434,0.1420698315
1678,0.1809896082,0.1668130904
1679,0.1428933144,0.175356403
1680,0.2292170525,0.2034590691
1681,0.2794259787,0.2571803331
1682,0.2780605555,0.2696637213
1683,0.3167106211,0.3136868775
1684,0.3159061968,0.3422142565
1685,0.2777602971,0.2894451618
1686,0.2891567945,0.295678407
1687,0.2825384736,0.2758544385
1688,0.2804089189,0.2565076947
1689,0.2697024345,0.2545129955
1690,0.3016749918,0.2823831141
1691,0.3760636747,0.4032199085
1692,0.3755419254,0.3954875171
1693,0.3697496951,0.4431972504
1694,0.3994726837,0.4256940186
1695,0.4046044648,0.3768110573
1696,0.4562321603,0.3927256763
1697,0.4575754106,0.3439834416
1698,0.4624662399,0.4124812782
1699,0.4911824167,0.4866891205
1700,0.454044193,0.5080385208
1701,0.5403254032,0.4627109468
1702,0.547026217,0.5032888055
1703,0.4665536582,0.4292773008
1704,0.3150428832,0.3149323761
1705,0.2927049994,0.2498806864
1706,0.3367533982,0.295706749
1707,0.3418530226,0.3203695118
1708,0.3321706653,0.3068573773
1709,0.3354243934,0.3154803216
1710,0.3482295573,0.3355811834
1711,0.3598049581,0.3424054682
1712,0.3497188389,0.4004444182
1713,0.3593282998,0.4286650121
1714,0.3779300451,0.3731661737
1715,0.5472484827,0.4152184427
1716,0.3797900379,0.256862402
1717,0.3601799309,0.2916327715
1718,0.4094170034,0.3138290942
1719,0.3379997313,0.3458584547
1720,0.3250908554,0.3617804348
1721,0.4461047351,0.5218228698
1722,0.4448391199,0.4831712544
1723,0.6374877691,0.7345553041
1724,0.5436334014,0.6044871211
1725,0.3868947923,0.4127509594
1726,0.3582541049,0.4180378616
1727,0.317430228,0.3433244228
1728,0.4921177924,0.5936610103
1729,0.3532342613,0.5601374507
1730,0.2574192584,0.306417644
1731,0.3165006936,0.2610866725
1732,0.314900279,0.2458150536
1733,0.2588749826,0.2448446006
1734,0.2536514699,0.2426192313
1735,0.2681103647,0.2807503939
1736,0.287268281,0.3800458908
1737,0.3242101073,0.3555023968
1738,0.4252256453,0.4321568906
1739,0.3653981984,0.3261676729
1740,0.363000989,0.3177112639
1741,0.3498202264,0.2806187272
1742,0.2510604858,0.2891534865
1743,0.2674916685,0.2542829514
1744,0.231136322,0.2457701713
1745,0.2310975045,0.265506655
1746,0.2059954256,0.2303426862
1747,0.2898192704,0.235623166
1748,0.286426872,0.255964607
1749,0.2951188087,0.2691685557
1750,0.3048756421,0.2928288281
1751,0.3125386536,0.2971698344
1752,0.3155124187,0.3055638969
1753,0.3160033226,0.3147332668
1754,0.3186354637,0.2968279421
1755,0.3954018354,0.4030303955
1756,0.3794015646,0.3953706324
1757,0.3513392508,0.4078656733
1758,0.5247280598,0.5182500482
1759,0.5657619834,0.5535336137
1760,0.6043642759,0.617705524
1761,0.6393552423,0.6967136264
1762,0.7302698493,0.6552598476
1763,0.6648600698,0.6904203296
1764,0.5604737401,0.572047174
1765,0.5755109191,0.6303272843
1766,0.6269766688,0.6557364464
1767,0.6176193357,0.5984306931
1768,0.5968440175,0.5882242918
1769,0.7249003053,0.6769537926
1770,0.5950824022,0.6582592726
1771,0.4888013899,0.5736801624
1772,0.5241671801,0.696764648
1773,0.5207923055,0.7345727086
1774,0.6021333337,0.7266016006
1775,0.6577245593,0.7536379695
1776,0.5722101331,0.6026509404
1777,0.4788048565,0.5111010075
1778,0.4010411203,0.3792103231
1779,0.2455341667,0.2324248552
1780,0.2404605299,0.2184299827
1781,0.2583872974,0.2662600279
1782,0.170455873,0.1205713376
1783,0.1371498406,0.1335897297
1784,0.1424451023,0.1444985867
1785,0.1596639007,0.1433003843
1786,0.1407854706,0.1987334937
1787,0.1981102228,0.248262763
1788,0.1492522955,0.1601370126
1789,0.1659530401,0.1653982848
1790,0.1633412838,0.1607724428
1791,0.1346770078,0.1714254618
1792,0.1326890141,0.1550387144
1793,0.2098994702,0.2632142603
1794,0.1717336178,0.2024431229
1795,0.1721493751,0.1889661402
1796,0.1921827793,0.1912988424
1797,0.2157559842,0.226534605
1798,0.2359002084,0.2058817595
1799,0.2207822949,0.1969659328
1800,0.2198523134,0.2204278558
1801,0.2306108028,0.2186839432
1802,0.2478928119,0.238438651
1803,0.2868743539,0.2644760311
1804,0.2433070689,0.2267471999
1805,0.2772343755,0.2779085338
1806,0.5091362596,0.5302831531
1807,0.5532830358,0.5744831562
1808,0.5680325627,0.553050518
1809,0.5805588365,0.600291431
1810,0.5217391849,0.5100112557
1811,0.5594289899,0.566083014
1812,0.4828289449,0.5092541575
1813,0.508818686,0.5523591042
1814,0.5248642564,0.5441280007
1815,0.5472926497,0.5617268085
1816,0.556589365,0.5999548435
1817,0.5698924661,0.5841379166
1818,0.5614256859,0.6106440425
1819,0.571844995,0.6368610859
1820,0.5864029527,0.6620166898
1821,0.6074529886,0.6908157468
1822,0.6017196178,0.6995286942
1823,0.577268064,0.6143831015
1824,0.5750913024,0.6014550328
1825,0.5816123486,0.5531855226
1826,0.5845391154,0.6146027446
1827,0.5888882279,0.6130734086
1828,0.5957808495,0.5880602598
1829,0.5799596906,0.5501548648
1830,0.7867085338,0.5922699571
1831,0.7171517015,0.6048600674
1832,0.5961173773,0.623269856
1833,0.4780302048,0.4427568913
1834,0.4572246075,0.4401693344
1835,0.4361578226,0.432761997
1836,0.3387238085,0.2993806899
1837,0.2639887035,0.2660950422
1838,0.2425768971,0.2590003312
1839,0.2353933603,0.3000964224
1840,0.2465888411,0.3118039668
1841,0.2165017873,0.282561034
1842,0.2509390116,0.2810260355
1843,0.2617456615,0.2438563854
1844,0.2826378345,0.2670659125
1845,0.2967895567,0.2891867459
1846,0.2384337187,0.2437458038
1847,0.2164671868,0.2216608971
1848,0.2393733263,0.2129238844
1849,0.2728933096,0.2612486482
1850,0.2917999923,0.3210483193
1851,0.3115440309,0.357046932
1852,0.2945319712,0.357738167
1853,0.3154370487,0.3503381312
1854,0.3367927074,0.3768447638
1855,0.3098093867,0.3609542549
1856,0.3255174756,0.3896153271
1857,0.4687100649,0.5320686698
1858,0.4701503217,0.5227813125
1859,0.5175005794,0.5433734059
1860,0.4984844625,0.5695423484
1861,0.523098886,0.6223880649
1862,0.5723659396,0.6893758774
1863,0.6414726973,0.6551235318
1864,0.629861176,0.6559427977
1865,0.6273847818,0.6452184916
1866,0.5072245598,0.5568384528
1867,0.5401051044,0.5765773058
1868,0.5583671927,0.5921133161
1869,0.5254467726,0.5602453351
1870,0.6567093134,0.5956311822
1871,0.6268641949,0.5543643832
1872,0.6483374834,0.6479642391
1873,0.4556097686,0.4298706949
1874,0.4753681123,0.4256638288
1875,0.5398293138,0.4006789625
1876,0.5309275985,0.4481446743
1877,0.5927106738,0.4814515412
1878,0.5766087174,0.485848099
1879,0.577966392,0.4565558136
1880,0.6155843139,0.497294277
1881,0.764623642,0.4877256453
1882,0.6190683842,0.4493376911
1883,0.715164423,0.5870545506
1884,0.7082820535,0.4897241294
1885,0.7509055138,0.6393262744
1886,0.8299055099,0.6204360127
1887,0.6484029293,0.5183687806
1888,0.592476368,0.6099488139
1889,0.5454099178,0.3985300958
1890,0.426946491,0.3814536035
1891,0.5149641037,0.4950267375
1892,0.5156360269,0.4280059338
1893,0.5557299256,0.4944210052
1894,0.3583381176,0.4117824137
1895,0.2841134071,0.3034094572
1896,0.2703331709,0.2784403265
1897,0.331176877,0.3753037453
1898,0.3194126189,0.3578796387
1899,0.3137049973,0.3531703055
1900,0.3474702835,0.349227041
1901,0.3161178231,0.2962142527
1902,0.304059267,0.3050018549
1903,0.2954513133,0.2810020745
1904,0.3184103668,0.283847183
1905,0.2994585931,0.2856033146
1906,0.3083709776,0.2891355455
1907,0.3230218291,0.3721032143
1908,0.3194818199,0.3379613459
1909,0.3205592036,0.3632424772
1910,0.3067335784,0.3484542668
1911,0.2877095938,0.315323472
1912,0.2654466033,0.3340059221
1913,0.2945574224,0.4137788713
1914,0.3060155511,0.3770636618
1915,0.3260549009,0.3384930193
1916,0.2885029614,0.3389383256
1917,0.3020957708,0.3317399323
1918,0.3263253868,0.3346978128
1919,0.3018927872,0.3385367393
1920,0.2355009466,0.2510960996
1921,0.3256426752,0.287866354
1922,0.1733164191,0.2029471844
1923,0.1674597859,0.2488865256
1924,0.188468352,0.2914932668
1925,0.1854749322,0.2066809535
1926,0.1534612775,0.1909042001
1927,0.1602185667,0.1678846627
1928,0.1939368993,0.3206786811
1929,0.1336172372,0.1882107109
1930,0.1355369538,0.1282294244
1931,0.1009921804,0.1240041479
1932,0.1066826954,0.1260772496
1933,0.1092196703,0.1309756786
1934,0.1640570015,0.1694418639
1935,0.1980220079,0.210541293
1936,0.1815892011,0.1784982681
1937,0.1635294706,0.1703921705
1938,0.1789316386,0.1741442531
1939,0.1702886224,0.1924325675
1940,0.1971447915,0.1994510442
1941,0.2285989076,0.2255653888
1942,0.2562445104,0.2424892187
1943,0.2576232851,0.2301421911
1944,0.2570436597,0.2729596198
1945,0.3012423217,0.1989721507
1946,0.2554518282,0.1959313005
1947,0.2696012557,0.2775380313
1948,0.2791495025,0.2655880153
1949,0.3354153633,0.3080255687
1950,0.3995201588,0.3359609544
1951,0.4115028679,0.3498660624
1952,0.4157335758,0.4113330543
1953,0.4094022214,0.4176256955
1954,0.4077747762,0.3744895756
1955,0.4330175817,0.4998363256
1956,0.4865385592,0.5979867578
1957,0.4530055821,0.4502225816
1958,0.5986071229,0.4857159555
1959,0.6066399217,0.5552383661
1960,0.6069626212,0.5353869796
1961,0.5242350101,0.3729814589
1962,0.5103381276,0.4520962238
1963,0.5932245851,0.5390092731
1964,0.4567960203,0.4391472638
1965,0.4114757478,0.3958673775
1966,0.3762055337,0.3779164851
1967,0.495326668,0.4479168653
1968,0.413138479,0.4379695356
1969,0.3973770142,0.3669886291
1970,0.4292907715,0.4326497316
1971,0.41026178,0.4190591872
1972,0.2759914696,0.2747277319
1973,0.1915438622,0.1828713864
1974,0.1856898665,0.158690393
1975,0.2103936225,0.1691153646
1976,0.229327485,0.2710780501
1977,0.2446928471,0.2475401312
1978,0.2096832991,0.2012943476
1979,0.2121732235,0.2137976885
1980,0.16568093,0.1656925231
1981,0.1999825239,0.2470087558
1982,0.1458944231,0.1528274417
1983,0.2015189976,0.1950334311
1984,0.1762825847,0.179329291
1985,0.1487324983,0.1579399556
1986,0.1441742629,0.1529262811
1987,0.1495798081,0.1439720094
1988,0.1549821198,0.1502923518
1989,0.1512591243,0.1528547555
1990,0.1667173058,0.1615824401
1991,0.1528581679,0.1567376107
1992,0.1737643629,0.2857498229
1993,0.1859810501,0.1905472875
1994,0.1952495128,0.1568407863
1995,0.240224883,0.1924437433
1996,0.2231046408,0.2155529857
1997,0.275003463,0.2740619183
1998,0.2919919789,0.2972672284
1999,0.3029020727,0.2905935645
2000,0.2973325551,0.2822390795
2001,0.3140017092,0.315721184
2002,0.3018062413,0.2693501413
2003,0.3234495521,0.271384418
2004,0.3097399175,0.2611993253
2005,0.3154813349,0.2975823581
2006,0.2975347936,0.2602167726
2007,0.2754679322,0.2533785999
2008,0.2596141994,0.2576515973
2009,0.2623009384,0.2580097616
2010,0.2877617776,0.2877945602
2011,0.3109100163,0.2995570004
2012,0.3410042524,0.343513757
2013,0.3453786671,0.3634191751
2014,0.3485287726,0.3550287485
2015,0.3644742966,0.3361145556
2016,0.3819851875,0.4165085852
2017,0.3788256645,0.3442031443
2018,0.4105636775,0.3730650842
2019,0.3539216816,0.3192851841
2020,0.296982348,0.3306576312
2021,0.3481761217,0.3898798525
2022,0.3776374757,0.3608063161
2023,0.3386050165,0.2876043022
2024,0.3043299913,0.2487323135
2025,0.2829217911,0.2333619148
2026,0.2560088336,0.2019900084
2027,0.2466119528,0.223319754
2028,0.3202669621,0.2246832252
2029,0.3113304079,0.2864180803
2030,0.294011116,0.290086776
2031,0.2972051203,0.2888934016
2032,0.368198663,0.382363081
2033,0.3090086281,0.3529597521
2034,0.2906561494,0.3301321566
2035,0.3126900196,0.3639746904
2036,0.358771801,0.3962131441
2037,0.363066107,0.377222687
2038,0.3472588956,0.3354167938
2039,0.3899766505,0.3621784747
2040,0.4086383879,0.3755176067
2041,0.4842626154,0.4480608404
2042,0.5697888136,0.5990570784
2043,0.5706425905,0.5421044827
2044,0.5891034603,0.5311427116
2045,0.5754294395,0.5559161305
2046,0.6768248677,0.6702380776
2047,0.82194978,0.7276291847
2048,0.7374542356,0.6288778186
2049,0.868697226,0.7857544422
2050,0.8222926259,0.6963731647
2051,0.7832186222,0.8285538554
2052,0.5980150104,0.5991633534
2053,0.521276474,0.4445932806
2054,0.4961151779,0.4663462639
2055,0.4309128225,0.4327196181
2056,0.367053628,0.3856111467
2057,0.4425618351,0.4852075875
2058,0.3810048103,0.377021879
2059,0.360357672,0.3445897996
2060,0.3567032814,0.3031015098
2061,0.3293647468,0.3280423284
2062,0.3260168433,0.3347405493
2063,0.3466880322,0.3358564377
2064,0.3578356504,0.3495907784
2065,0.3651004136,0.3235382438
2066,0.3570290506,0.3278000653
2067,0.2834649682,0.2784796655
2068,0.3012673557,0.2332171202
2069,0.2890402973,0.2373628467
2070,0.2474660873,0.2753894329
2071,0.2810616791,0.2901501954
2072,0.3075735569,0.3132160604
2073,0.3437990248,0.3251338899
2074,0.2936186492,0.2961899638
2075,0.3102346361,0.2938968241
2076,0.3332921863,0.2610510886
2077,0.3645278513,0.2667172253
2078,0.4291013479,0.3152388632
2079,0.375084132,0.2681546509
2080,0.3284783363,0.2355887145
2081,0.2951417863,0.2163234502
2082,0.288454026,0.208936587
2083,0.2630390227,0.2001402527
2084,0.2471806556,0.1786134094
2085,0.2386489958,0.1949400157
2086,0.3516234159,0.277918011
2087,0.352309078,0.2532252669
2088,0.2344173938,0.1962979287
2089,0.2130295783,0.1980671138
2090,0.2491526455,0.2065275162
2091,0.2667443454,0.2759320736
2092,0.2279013395,0.2205587029
2093,0.2974278033,0.2487392426
2094,0.2423204184,0.2299812287
2095,0.2183316946,0.186513111
2096,0.2397539169,0.1603644043
2097,0.2160733491,0.1511907429
2098,0.2089685947,0.1567877233
2099,0.2344750911,0.2063607424
2100,0.2224261761,0.2099489421
2101,0.2474519014,0.2609169483
2102,0.2657657266,0.2699655592
2103,0.3990847766,0.400449425
2104,0.3898951709,0.3892222643
2105,0.3889531195,0.4413817823
2106,0.3924261034,0.3993590772
2107,0.4141744375,0.4196138382
2108,0.4144994915,0.4934281111
2109,0.4695878923,0.553247869
2110,0.5642741323,0.6085128784
2111,0.4182014465,0.5442413688
2112,0.4167118371,0.5276094079
2113,0.4567071497,0.5903177857
2114,0.4687099457,0.6493777037
2115,0.5383807421,0.7559799552
2116,0.5078159571,0.7113552094
2117,0.6045469642,0.880124867
2118,0.6136433482,0.7804133296
2119,0.6250481606,0.7812566161
2120,0.6276817322,0.6355022788
2121,0.5092304945,0.4877141714
2122,0.5312719941,0.4187503755
2123,0.4134183824,0.3529656231
2124,0.3576516807,0.3566908836
2125,0.3362366259,0.3768833578
2126,0.3752841949,0.4052944183
2127,0.425019592,0.4429398775
2128,0.31266132,0.3244461715
2129,0.3073137701,0.3359742463
2130,0.2923855186,0.3176319897
2131,0.2741794586,0.3153956831
2132,0.2992181182,0.3096585572
2133,0.3610610068,0.3473099768
2134,0.262506336,0.2966262996
2135,0.4063973129,0.4389973879
2136,0.3953931332,0.3947022259
2137,0.3268333077,0.3492236137
2138,0.3498093188,0.3622502387
2139,0.368999809,0.3889656961
2140,0.3949547708,0.4445845783
2141,0.3667539656,0.3474161923
2142,0.411690861,0.3580003977
2143,0.3984339237,0.3784224987
2144,0.3564809859,0.3360287249
2145,0.3684186637,0.3574208319
2146,0.4898879826,0.5106027722
2147,0.5429798961,0.624417305
2148,0.5040064454,0.5748595595
2149,0.5118615031,0.5794340968
2150,0.5299555659,0.4568257332
2151,0.5267330408,0.5831558704
2152,0.5707208514,0.5475979447
2153,0.5882479548,0.6258675456
2154,0.5949108005,0.5932025909
2155,0.6104521751,0.584236145
2156,0.5221264958,0.5527464747
2157,0.5912134051,0.5910866261
2158,0.580314815,0.7276513577
2159,0.3248217106,0.375038296
2160,0.3529519737,0.3870937824
2161,0.3874776363,0.3556036055
2162,0.3917338848,0.3904794753
2163,0.3789155185,0.3853734732
2164,0.3786972761,0.3879082203
2165,0.418255955,0.4123157561
2166,0.4056707323,0.4139668941
2167,0.4212519228,0.374235481
2168,0.4144713879,0.3744702041
2169,0.4339547455,0.3969069719
2170,0.4849315584,0.4604285955
2171,0.5112070441,0.3731879294
2172,0.4257037342,0.2086675614
2173,0.372612983,0.1774149388
2174,0.3329004347,0.1910053641
2175,0.3341151476,0.2169326544
2176,0.3233931363,0.2366081923
2177,0.1693524122,0.1464917511
2178,0.2158119529,0.2164446115
2179,0.2566729486,0.2586980462
2180,0.2320626825,0.2257208824
2181,0.2094205469,0.2189644724
2182,0.236734271,0.2478565723
2183,0.2223244309,0.2411907911
2184,0.239743337,0.2425942868
2185,0.2242544889,0.2671971619
2186,0.228852585,0.2499585897
2187,0.2286711484,0.2450235933
2188,0.2656417489,0.3171518743
2189,0.2699804008,0.3648629487
2190,0.341540128,0.4117690623
2191,0.3120629489,0.3758439124
2192,0.3348029554,0.3745921552
2193,0.2888014615,0.287291497
2194,0.3156763315,0.2700955868
2195,0.9545118213,0.8788445592
