window_index,best_model,best_loss,second_model,second_loss,margin_vs_second,best_single_model,best_single_loss,oracle_gain_vs_best_single
0,LinearSoftmax,0.9126027374148091,ClassPrior,0.9426213785054032,0.030018641090594045,Centroid,1.1310924129056246,0.21848967549081544
1,LinearSoftmax,0.901071225631963,ClassPrior,0.966858672413325,0.06578744678136206,Centroid,1.1243356002696583,0.22326437463769533
2,LinearSoftmax,0.8521966409575542,ClassPrior,0.9200970509360684,0.06790040997851421,Centroid,1.138135541665204,0.2859389007076497
3,LinearSoftmax,1.041366348784194,ClassPrior,1.0473284050375147,0.005962056253320691,Centroid,1.115598688202116,0.07423233941792207
4,ClassPrior,0.942915647446824,LinearSoftmax,1.0576707373444103,0.11475508989758632,Centroid,1.136760293528507,0.19384464608168306
5,ClassPrior,1.00376012979154,LinearSoftmax,1.0868180654817161,0.08305793569017617,Centroid,1.1293984372196388,0.1256383074280989
6,ClassPrior,0.9688941947657808,LinearSoftmax,1.0407455239309258,0.07185132916514503,Centroid,1.1298544723244524,0.1609602775586716
7,LinearSoftmax,0.9000118338315178,ClassPrior,0.9251884109925238,0.025176577161005964,Centroid,1.1356802092403289,0.23566837540881103
8,ClassPrior,0.9266546473489947,LinearSoftmax,0.9542231586145324,0.02756851126553772,Centroid,1.1370165337698879,0.21036188642089315
9,LinearSoftmax,0.8530633766261202,ClassPrior,0.9165952922271421,0.0635319156010219,Centroid,1.1336335595582612,0.280570182932141
10,Centroid,1.174240478673865,ClassPrior,1.204704429081438,0.030463950407572993,Centroid,1.174240478673865,0.0
11,LinearSoftmax,0.7918267719049266,ClassPrior,0.9324245148562684,0.14059774295134186,Centroid,1.0198885545199903,0.2280617826150637
12,LinearSoftmax,0.8907515355606647,ClassPrior,0.9583889186390009,0.06763738307833622,Centroid,1.0278536609611397,0.13710212540047506
13,LinearSoftmax,0.9521351009773649,ClassPrior,0.9910484273619418,0.038913326384576896,Centroid,1.0387400510007623,0.08660495002339741
14,LinearSoftmax,0.835450407795821,ClassPrior,0.9465407711468082,0.11109036335098721,Centroid,1.0296101312522952,0.19415972345647414
15,LinearSoftmax,1.0473333452540103,Centroid,1.0815739563678308,0.034240611113820485,Centroid,1.0815739563678308,0.034240611113820485
16,LinearSoftmax,0.9619987563842922,ClassPrior,1.0103794086999947,0.04838065231570243,Centroid,1.0530400052437479,0.09104124885945564
17,LinearSoftmax,1.0642386866782554,ClassPrior,1.0721966674369499,0.007957980758694472,Centroid,1.0732744912423486,0.009035804564093253
18,LinearSoftmax,0.9639186057029971,ClassPrior,1.0360970825006115,0.07217847679761435,Centroid,1.0613100295384836,0.09739142383548649
19,LinearSoftmax,0.9871281323829342,ClassPrior,1.0526189561167807,0.06549082373384651,Centroid,1.064496288656661,0.07736815627372673
20,LinearSoftmax,0.9336925171310644,ClassPrior,1.0321776898592065,0.09848517272814217,Centroid,1.0581048354221,0.12441231829103572
21,LinearSoftmax,1.0100464380422338,ClassPrior,1.0621848512744019,0.05213841323216806,Centroid,1.0704533248516301,0.06040688680939632
22,Centroid,1.0945603221859082,ClassPrior,1.1233236025605384,0.028763280374630273,Centroid,1.0945603221859082,0.0
23,ClassPrior,1.0400306186782409,Centroid,1.0634756592492336,0.023445040570992726,Centroid,1.0634756592492336,0.023445040570992726
24,LinearSoftmax,0.8986406240187738,ClassPrior,0.9757126646970469,0.07707204067827311,Centroid,1.0378787626606236,0.13923813864184986
25,LinearSoftmax,1.0589982922994043,Centroid,1.0998488695403825,0.04085057724097818,Centroid,1.0998488695403825,0.04085057724097818
26,Centroid,1.1283788962747876,LinearSoftmax,1.202850231815268,0.07447133554048047,Centroid,1.1283788962747876,0.0
27,Centroid,1.077830919580971,ClassPrior,1.0837980849470266,0.005967165366055571,Centroid,1.077830919580971,0.0
28,Centroid,1.1008538494250928,ClassPrior,1.1339381001421516,0.03308425071705878,Centroid,1.1008538494250928,0.0
29,Centroid,1.1427187410731943,ClassPrior,1.2302987378909966,0.08757999681780237,Centroid,1.1427187410731943,0.0
30,Centroid,1.1661417865461312,ClassPrior,1.2800211191536432,0.11387933260751204,Centroid,1.1661417865461312,0.0
31,Centroid,1.15485341378115,ClassPrior,1.2553995867363237,0.10054617295517376,Centroid,1.15485341378115,0.0
32,Centroid,1.0894374851401782,ClassPrior,1.1097008062342302,0.020263321094051934,Centroid,1.0894374851401782,0.0
33,LinearSoftmax,1.0801629464647815,Centroid,1.101922385886752,0.02175943942197045,Centroid,1.101922385886752,0.02175943942197045
34,Centroid,1.143011646072481,ClassPrior,1.249643862765274,0.10663221669279288,Centroid,1.143011646072481,0.0
35,Centroid,1.0948509622638904,ClassPrior,1.1206853987890173,0.025834436525126847,Centroid,1.0948509622638904,0.0
36,Centroid,1.1435380632632444,ClassPrior,1.248163482872579,0.10462541960933458,Centroid,1.1435380632632444,0.0
37,LinearSoftmax,1.043498354556967,ClassPrior,1.0750674576543626,0.03156910309739569,Centroid,1.0799129224338073,0.03641456787684039
38,Centroid,1.1341913724722672,LinearSoftmax,1.232966501006071,0.09877512853380388,Centroid,1.1341913724722672,0.0
39,Centroid,1.1645029633218797,ClassPrior,1.3018052567766305,0.13730229345475076,Centroid,1.1645029633218797,0.0
40,Centroid,1.097565347098464,LinearSoftmax,1.1226647173293278,0.025099370230863727,Centroid,1.097565347098464,0.0
41,Centroid,1.2056115351692225,LinearSoftmax,1.3639925249541411,0.15838098978491866,Centroid,1.2056115351692225,0.0
42,Centroid,1.0822535475653174,ClassPrior,1.0922678387213507,0.01001429115603325,Centroid,1.0822535475653174,0.0
43,ClassPrior,1.009283267316698,LinearSoftmax,1.0198483018275506,0.010565034510852556,Centroid,1.0516874132841991,0.04240414596750108
44,LinearSoftmax,1.0780935037810147,Centroid,1.1029971852755958,0.02490368149458111,Centroid,1.1029971852755958,0.02490368149458111
45,Centroid,1.1007121974736858,ClassPrior,1.1511860201684443,0.05047382269475853,Centroid,1.1007121974736858,0.0
46,LinearSoftmax,0.8754684912976332,ClassPrior,0.9406616821847008,0.06519319088706765,Centroid,1.0415426659522649,0.1660741746546317
47,ClassPrior,1.0137578024178635,LinearSoftmax,1.017050076215003,0.0032922737971394778,Centroid,1.0662088031254444,0.05245100070758091
48,LinearSoftmax,0.9898981706352754,ClassPrior,0.9956463274541654,0.00574815681888996,Centroid,1.0632895397363855,0.0733913691011101
49,LinearSoftmax,0.8501746835196484,ClassPrior,0.9226118897165316,0.07243720619688321,Centroid,1.0391690737908537,0.18899439027120524
50,LinearSoftmax,0.925207844252677,ClassPrior,0.9846617348993782,0.05945389064670126,Centroid,1.0558598352250872,0.1306519909724102
51,LinearSoftmax,1.0281184711924813,Centroid,1.079481643976084,0.051363172783602584,Centroid,1.079481643976084,0.051363172783602584
52,LinearSoftmax,0.9930705274476321,ClassPrior,1.019110035992659,0.0260395085450269,Centroid,1.0591140064420386,0.06604347899440643
53,Centroid,1.1308275877045058,LinearSoftmax,1.2139495131766038,0.08312192547209807,Centroid,1.1308275877045058,0.0
54,Centroid,1.0993576766940885,ClassPrior,1.1465881200762205,0.047230443382132004,Centroid,1.0993576766940885,0.0
55,LinearSoftmax,0.9607241145881249,ClassPrior,1.01608759371174,0.055363479123615056,Centroid,1.062672604882584,0.10194849029445918
56,LinearSoftmax,1.1439918061794647,Centroid,1.1665905998182788,0.02259879363881412,Centroid,1.1665905998182788,0.02259879363881412
57,LinearSoftmax,1.0978101977728243,Centroid,1.114557676770095,0.016747478997270804,Centroid,1.114557676770095,0.016747478997270804
58,Centroid,1.1276176004353045,LinearSoftmax,1.140028863983427,0.012411263548122609,Centroid,1.1276176004353045,0.0
59,LinearSoftmax,1.0723150960237526,Centroid,1.1000178555348885,0.027702759511135877,Centroid,1.1000178555348885,0.027702759511135877
60,LinearSoftmax,0.9396749886531677,ClassPrior,0.9661326260032015,0.026457637350033814,Centroid,1.0550857264232434,0.11541073777007571
61,Centroid,1.1059597521524285,ClassPrior,1.1804671351735165,0.07450738302108806,Centroid,1.1059597521524285,0.0
62,Centroid,1.1647331840355015,ClassPrior,1.4002630993734602,0.23552991533795864,Centroid,1.1647331840355015,0.0
63,Centroid,1.1381441812705255,ClassPrior,1.2724007767805006,0.13425659550997504,Centroid,1.1381441812705255,0.0
64,Centroid,1.1191725448044056,ClassPrior,1.2164908940781016,0.09731834927369598,Centroid,1.1191725448044056,0.0
65,Centroid,1.097505055100656,LinearSoftmax,1.1208598932520613,0.023354838151405266,Centroid,1.097505055100656,0.0
66,LinearSoftmax,0.9392321571979161,ClassPrior,0.9649606585881515,0.025728501390235414,Centroid,1.0522961785996572,0.1130640214017411
67,Centroid,1.089897875816681,LinearSoftmax,1.091811847169735,0.0019139713530538227,Centroid,1.089897875816681,0.0
68,ClassPrior,1.0334588787290904,LinearSoftmax,1.0389996729103719,0.005540794181281505,Centroid,1.070750032611957,0.037291153882866634
69,LinearSoftmax,1.0749178378907784,Centroid,1.1031499649869705,0.02823212709619205,Centroid,1.1031499649869705,0.02823212709619205
70,Centroid,1.1414486709967997,ClassPrior,1.332196656701224,0.1907479857044243,Centroid,1.1414486709967997,0.0
71,Centroid,1.1321697796567345,LinearSoftmax,1.2453498719826934,0.11318009232595894,Centroid,1.1321697796567345,0.0
72,Centroid,1.134721186750033,ClassPrior,1.2771978678955351,0.14247668114550205,Centroid,1.134721186750033,0.0
73,Centroid,1.1440236138399658,ClassPrior,1.2962204367559433,0.15219682291597758,Centroid,1.1440236138399658,0.0
74,Centroid,1.116844670985131,LinearSoftmax,1.1325468544568809,0.015702183471749898,Centroid,1.116844670985131,0.0
75,LinearSoftmax,0.9684480025142237,ClassPrior,1.0399689361827118,0.07152093366848811,Centroid,1.0698825978493822,0.10143459533515853
76,Centroid,1.1012318909598053,LinearSoftmax,1.1166550938031086,0.01542320284330323,Centroid,1.1012318909598053,0.0
77,LinearSoftmax,1.0937747795020765,Centroid,1.0965211175602185,0.0027463380581420616,Centroid,1.0965211175602185,0.0027463380581420616
78,LinearSoftmax,0.9387445611246751,ClassPrior,0.9985929437033313,0.05984838257865621,Centroid,1.0454570503425302,0.10671248921785514
79,LinearSoftmax,0.993824029169909,ClassPrior,0.9971883898423894,0.003364360672480471,Centroid,1.0504587703782642,0.05663474120835521
80,LinearSoftmax,0.9384717672597094,ClassPrior,1.02444812603123,0.08597635877152054,Centroid,1.0536620828359577,0.11519031557624837
81,LinearSoftmax,0.878384967585755,ClassPrior,0.9527424161227849,0.07435744853702986,Centroid,1.030962654624925,0.15257768703917007
82,LinearSoftmax,0.8480433639899394,ClassPrior,0.9675371798641437,0.11949381587420427,Centroid,1.031926008700375,0.18388264471043558
83,LinearSoftmax,0.9244244517879397,ClassPrior,0.9831813550066835,0.05875690321874372,Centroid,1.0449272955611844,0.1205028437732446
84,Centroid,1.1590712733478572,ClassPrior,1.310953518001773,0.15188224465391587,Centroid,1.1590712733478572,0.0
85,Centroid,1.197969007523279,ClassPrior,1.3787732306918934,0.18080422316861444,Centroid,1.197969007523279,0.0
86,Centroid,1.1371564848144669,LinearSoftmax,1.2331825421009297,0.09602605728646285,Centroid,1.1371564848144669,0.0
87,Centroid,1.1540423017167867,LinearSoftmax,1.228948833256211,0.07490653153942439,Centroid,1.1540423017167867,0.0
88,LinearSoftmax,1.0447816107725794,ClassPrior,1.0555038898704177,0.010722279097838294,Centroid,1.068865126243853,0.024083515471273742
89,Centroid,1.1558655487396976,ClassPrior,1.2767660904268325,0.12090054168713493,Centroid,1.1558655487396976,0.0
90,Centroid,1.1232854742887601,ClassPrior,1.2133116913830442,0.09002621709428404,Centroid,1.1232854742887601,0.0
91,Centroid,1.1075791486294078,LinearSoftmax,1.1445663602816099,0.03698721165220209,Centroid,1.1075791486294078,0.0
92,Centroid,1.139214648780538,LinearSoftmax,1.2203083538280393,0.08109370504750135,Centroid,1.139214648780538,0.0
93,Centroid,1.1776690946151065,ClassPrior,1.359812344327014,0.18214324971190754,Centroid,1.1776690946151065,0.0
94,Centroid,1.2042415332977843,ClassPrior,1.4348823044171035,0.23064077111931924,Centroid,1.2042415332977843,0.0
95,Centroid,1.1524714018637434,LinearSoftmax,1.2763681008022405,0.12389669893849709,Centroid,1.1524714018637434,0.0
96,Centroid,1.2158870006898383,LinearSoftmax,1.410053374008521,0.1941663733186827,Centroid,1.2158870006898383,0.0
97,Centroid,1.122990190826219,LinearSoftmax,1.1794131165705999,0.0564229257443809,Centroid,1.122990190826219,0.0
98,Centroid,1.1419502410834483,ClassPrior,1.2543034453530266,0.11235320426957829,Centroid,1.1419502410834483,0.0
99,Centroid,1.2436376417328567,LinearSoftmax,1.5072935883086016,0.26365594657574487,Centroid,1.2436376417328567,0.0
100,Centroid,1.2293581890806764,ClassPrior,1.4810412444752945,0.2516830553946181,Centroid,1.2293581890806764,0.0
101,Centroid,1.1269297795663655,ClassPrior,1.2015727653456851,0.0746429857793196,Centroid,1.1269297795663655,0.0
102,Centroid,1.1746810736862683,LinearSoftmax,1.1917992679702667,0.01711819428399841,Centroid,1.1746810736862683,0.0
103,LinearSoftmax,1.0933011923156055,Centroid,1.0964640490275581,0.0031628567119525997,Centroid,1.0964640490275581,0.0031628567119525997
104,Centroid,1.1593329645773904,ClassPrior,1.3008324803843914,0.14149951580700093,Centroid,1.1593329645773904,0.0
105,Centroid,1.1732665519683008,ClassPrior,1.3360543668471,0.16278781487879934,Centroid,1.1732665519683008,0.0
106,Centroid,1.1874292351821298,ClassPrior,1.3688847795204033,0.1814555443382735,Centroid,1.1874292351821298,0.0
107,Centroid,1.1893579462708153,LinearSoftmax,1.1906433037508661,0.001285357480050875,Centroid,1.1893579462708153,0.0
108,ClassPrior,0.9518313222260748,LinearSoftmax,0.9757255217509406,0.023894199524865822,Centroid,1.0356982808730886,0.08386695864701377
109,Centroid,1.1215888156694198,LinearSoftmax,1.1326170416058905,0.011028225936470681,Centroid,1.1215888156694198,0.0
110,Centroid,1.1092384431109763,LinearSoftmax,1.1532879123362374,0.044049469225261095,Centroid,1.1092384431109763,0.0
111,Centroid,1.170892073104771,LinearSoftmax,1.2998799005952346,0.12898782749046367,Centroid,1.170892073104771,0.0
112,Centroid,1.1724471685541085,ClassPrior,1.324761361814668,0.15231419326055962,Centroid,1.1724471685541085,0.0
113,Centroid,1.1759055010470862,LinearSoftmax,1.3418632059751376,0.1659577049280514,Centroid,1.1759055010470862,0.0
114,Centroid,1.0816243779470773,LinearSoftmax,1.0867080020807431,0.0050836241336658095,Centroid,1.0816243779470773,0.0
115,Centroid,1.1617688954572003,ClassPrior,1.3017577178173259,0.13998882236012555,Centroid,1.1617688954572003,0.0
116,Centroid,1.1029971958822289,LinearSoftmax,1.137716491407641,0.034719295525412086,Centroid,1.1029971958822289,0.0
117,Centroid,1.129347867235697,LinearSoftmax,1.209189903781088,0.07984203654539113,Centroid,1.129347867235697,0.0
118,Centroid,1.0938002136168783,ClassPrior,1.120315303815843,0.026515090198964808,Centroid,1.0938002136168783,0.0
119,Centroid,1.1537618410949484,LinearSoftmax,1.2735764195329409,0.11981457843799248,Centroid,1.1537618410949484,0.0
120,Centroid,1.1592955637703124,ClassPrior,1.3006949718571093,0.14139940808679685,Centroid,1.1592955637703124,0.0
121,Centroid,1.1578251416489551,LinearSoftmax,1.2207875802275496,0.06296243857859452,Centroid,1.1578251416489551,0.0
122,ClassPrior,1.0562916187760703,Centroid,1.0753525620906743,0.019060943314604062,Centroid,1.0753525620906743,0.019060943314604062
123,Centroid,1.1882858957832156,LinearSoftmax,1.2302469506946263,0.04196105491141067,Centroid,1.1882858957832156,0.0
124,Centroid,1.2193507168300917,LinearSoftmax,1.4338474401422139,0.21449672331212222,Centroid,1.2193507168300917,0.0
125,Centroid,1.1325171211032508,ClassPrior,1.222877586540665,0.09036046543741416,Centroid,1.1325171211032508,0.0
126,ClassPrior,0.982208578614444,LinearSoftmax,0.9881338496690457,0.005925271054601722,Centroid,1.0428525505508932,0.060643971936449215
127,Centroid,1.1218421070007145,ClassPrior,1.1910199502596008,0.06917784325888632,Centroid,1.1218421070007145,0.0
128,Centroid,1.1753176208546299,LinearSoftmax,1.3159131442958698,0.14059552344123993,Centroid,1.1753176208546299,0.0
129,ClassPrior,0.9594233775267691,LinearSoftmax,1.0264089821230293,0.06698560459626024,Centroid,1.1136962042753826,0.15427282674861353
130,ClassPrior,0.9637886911731012,LinearSoftmax,0.9649383299335306,0.0011496387604293945,Centroid,1.1803271558413841,0.21653846466828297
131,LinearSoftmax,0.8915672743556942,ClassPrior,0.9876083511485441,0.0960410767928499,Centroid,1.1753612225817227,0.28379394822602855
132,LinearSoftmax,1.063542721768931,ClassPrior,1.081145737639281,0.01760301587034996,Centroid,1.1366315038501391,0.07308878208120806
133,LinearSoftmax,0.951697325706926,ClassPrior,1.0252499984731065,0.0735526727661805,Centroid,1.166803705158315,0.2151063794513891
134,LinearSoftmax,0.8788801600761271,ClassPrior,0.9568609997870012,0.0779808397108741,Centroid,1.1868190698475423,0.30793890977141514
135,LinearSoftmax,0.9591495778955861,ClassPrior,0.9597317900044138,0.0005822121088276955,Centroid,1.186107964082668,0.22695838618708186
136,LinearSoftmax,0.9493763907209856,ClassPrior,0.9682156873149623,0.018839296593976762,Centroid,1.184382282028912,0.23500589130792648
137,LinearSoftmax,0.9767818318701876,ClassPrior,1.026702091293353,0.04992025942316547,Centroid,1.1558936657499357,0.17911183387974805
138,LinearSoftmax,0.9345064215261996,ClassPrior,0.9577245547244067,0.02321813319820709,Centroid,1.1944254106056147,0.25991898907941513
139,ClassPrior,1.0861895587364319,LinearSoftmax,1.1367011130857163,0.05051155434928445,Centroid,1.1381490113751243,0.051959452638692394
140,LinearSoftmax,1.0942345889825822,ClassPrior,1.1132025649431565,0.018967975960574313,Centroid,1.128564673087588,0.03433008410500582
141,Centroid,1.101921899260812,LinearSoftmax,1.1540560353378977,0.052134136077085724,Centroid,1.101921899260812,0.0
142,Centroid,1.0766188112420505,LinearSoftmax,1.1660268655564787,0.08940805431442822,Centroid,1.0766188112420505,0.0
143,LinearSoftmax,1.0099375868934386,ClassPrior,1.0675087977767488,0.05757121088331019,Centroid,1.138994736443716,0.12905714955027747
144,LinearSoftmax,1.072989006003647,Centroid,1.1040819047038344,0.031092898700187277,Centroid,1.1040819047038344,0.031092898700187277
145,Centroid,1.0813535483310213,LinearSoftmax,1.1653905901914223,0.08403704186040106,Centroid,1.0813535483310213,0.0
146,Centroid,1.0732880624592924,LinearSoftmax,1.099144807493721,0.025856745034428474,Centroid,1.0732880624592924,0.0
147,Centroid,1.1086730708919754,LinearSoftmax,1.1279563066862357,0.01928323579426028,Centroid,1.1086730708919754,0.0
148,Centroid,1.0749598076180744,LinearSoftmax,1.150236135839853,0.07527632822177854,Centroid,1.0749598076180744,0.0
149,Centroid,1.0802156420334177,LinearSoftmax,1.1765897965997252,0.09637415456630749,Centroid,1.0802156420334177,0.0
150,Centroid,0.9943625704285225,LinearSoftmax,1.2258001848106446,0.23143761438212207,Centroid,0.9943625704285225,0.0
151,Centroid,1.0385534402012124,LinearSoftmax,1.1042111808521162,0.0656577406509038,Centroid,1.0385534402012124,0.0
152,Centroid,1.0112492828308777,ClassPrior,1.369885842985091,0.3586365601542134,Centroid,1.0112492828308777,0.0
153,Centroid,1.0625117385368388,LinearSoftmax,1.1611617864457515,0.09865004790891274,Centroid,1.0625117385368388,0.0
154,Centroid,1.0212282065149174,LinearSoftmax,1.2114086701386566,0.1901804636237392,Centroid,1.0212282065149174,0.0
155,Centroid,1.0877045890996333,ClassPrior,1.2002298939802722,0.11252530488063894,Centroid,1.0877045890996333,0.0
156,Centroid,1.013100965075929,LinearSoftmax,1.2376692260874875,0.22456826101155847,Centroid,1.013100965075929,0.0
157,LinearSoftmax,1.0713565018089646,Centroid,1.0838349139331958,0.012478412124231175,Centroid,1.0838349139331958,0.012478412124231175
158,LinearSoftmax,0.9358575722972186,Centroid,1.0979878591420464,0.1621302868448279,Centroid,1.0979878591420464,0.1621302868448279
159,LinearSoftmax,0.8879920140941089,ClassPrior,1.0070768410138793,0.1190848269197704,Centroid,1.1689926145680067,0.28100060047389785
160,Centroid,0.928389644838337,LinearSoftmax,1.3007272875709601,0.37233764273262315,Centroid,0.928389644838337,0.0
161,Centroid,0.9256353887790228,LinearSoftmax,1.1493348922961435,0.22369950351712065,Centroid,0.9256353887790228,0.0
162,LinearSoftmax,1.0767359642080112,Centroid,1.0980669241474854,0.021330959939474203,Centroid,1.0980669241474854,0.021330959939474203
163,Centroid,1.071701188307841,LinearSoftmax,1.1114271198030992,0.03972593149525827,Centroid,1.071701188307841,0.0
164,Centroid,1.0204389477212352,LinearSoftmax,1.0475128959234459,0.02707394820221065,Centroid,1.0204389477212352,0.0
165,Centroid,1.1120835822176758,ClassPrior,1.1495964188209156,0.037512836603239785,Centroid,1.1120835822176758,0.0
166,LinearSoftmax,1.0017874108916804,Centroid,1.0793427906157735,0.0775553797240931,Centroid,1.0793427906157735,0.0775553797240931
167,LinearSoftmax,1.0553293612908174,Centroid,1.108174098843157,0.05284473755233954,Centroid,1.108174098843157,0.05284473755233954
168,Centroid,0.9816580839619657,LinearSoftmax,1.1853643678120775,0.2037062838501118,Centroid,0.9816580839619657,0.0
169,ClassPrior,1.0093449498122267,LinearSoftmax,1.0734534252500758,0.06410847543784914,Centroid,1.1765213379955446,0.16717638818331793
170,LinearSoftmax,0.9971805372626716,ClassPrior,1.0499666088090356,0.052786071546363944,Centroid,1.1503195091496792,0.15313897188700754
171,Centroid,1.0386476746586921,LinearSoftmax,1.2583186239285076,0.21967094926981545,Centroid,1.0386476746586921,0.0
172,Centroid,1.068062900927043,LinearSoftmax,1.1822095922856248,0.1141466913585818,Centroid,1.068062900927043,0.0
173,Centroid,1.0015090159428395,LinearSoftmax,1.1650464123811282,0.16353739643828868,Centroid,1.0015090159428395,0.0
174,LinearSoftmax,1.08741997588253,ClassPrior,1.1083437913325929,0.020923815450062833,Centroid,1.1288833486618566,0.041463372779326546
175,ClassPrior,0.9815300711636255,LinearSoftmax,1.05125583573908,0.06972576457545454,Centroid,1.1865132053017964,0.20498313413817093
176,Centroid,1.0292768382060389,LinearSoftmax,1.1704057455666685,0.14112890736062966,Centroid,1.0292768382060389,0.0
177,Centroid,1.09361252090594,LinearSoftmax,1.1206653648655973,0.027052843959657347,Centroid,1.09361252090594,0.0
178,Centroid,0.9996714751666715,LinearSoftmax,1.1030303406548392,0.10335886548816764,Centroid,0.9996714751666715,0.0
179,Centroid,1.0282043925120008,LinearSoftmax,1.1218155646721977,0.09361117216019688,Centroid,1.0282043925120008,0.0
180,Centroid,0.9280018692058086,LinearSoftmax,1.3786626716658779,0.45066080246006923,Centroid,0.9280018692058086,0.0
181,Centroid,0.9832952460661413,ClassPrior,1.4308254032484162,0.44753015718227496,Centroid,0.9832952460661413,0.0
182,Centroid,0.928430200929452,LinearSoftmax,1.4637870492267697,0.5353568482973177,Centroid,0.928430200929452,0.0
183,Centroid,0.979343210976847,LinearSoftmax,1.2521938542299402,0.2728506432530933,Centroid,0.979343210976847,0.0
184,Centroid,0.927935344470581,LinearSoftmax,1.2630472117417564,0.33511186727117537,Centroid,0.927935344470581,0.0
185,Centroid,0.9453682688685972,LinearSoftmax,1.200292742240297,0.25492447337169977,Centroid,0.9453682688685972,0.0
186,Centroid,1.044968313843711,LinearSoftmax,1.1809819898015645,0.13601367595785363,Centroid,1.044968313843711,0.0
187,Centroid,1.072494130714087,LinearSoftmax,1.0726389501516684,0.0001448194375814893,Centroid,1.072494130714087,0.0
188,Centroid,1.0727759730177704,LinearSoftmax,1.2330262492868596,0.16025027626908916,Centroid,1.0727759730177704,0.0
189,Centroid,0.9479957435496886,LinearSoftmax,1.3684330705726917,0.42043732702300307,Centroid,0.9479957435496886,0.0
190,Centroid,1.0795575551206513,LinearSoftmax,1.1715680157473751,0.0920104606267238,Centroid,1.0795575551206513,0.0
191,ClassPrior,1.028552566159222,LinearSoftmax,1.0584512768123076,0.02989871065308547,Centroid,1.1644768623100776,0.13592429615085555
192,Centroid,1.077846672314218,LinearSoftmax,1.0987740946789242,0.02092742236470624,Centroid,1.077846672314218,0.0
193,Centroid,1.0467799582205695,LinearSoftmax,1.2041071968524126,0.15732723863184317,Centroid,1.0467799582205695,0.0
194,Centroid,1.0486292920756097,LinearSoftmax,1.2690084849170389,0.22037919284142915,Centroid,1.0486292920756097,0.0
195,Centroid,1.1168761079098388,LinearSoftmax,1.1195409227770656,0.0026648148672268057,Centroid,1.1168761079098388,0.0
196,Centroid,1.0876754424762423,LinearSoftmax,1.1118398907110278,0.024164448234785585,Centroid,1.0876754424762423,0.0
197,Centroid,1.0130331587805557,LinearSoftmax,1.0358039555207634,0.022770796740207766,Centroid,1.0130331587805557,0.0
198,Centroid,0.9317362935922058,LinearSoftmax,1.194009034317654,0.26227274072544815,Centroid,0.9317362935922058,0.0
199,Centroid,0.9555799165428575,LinearSoftmax,1.111443369542382,0.15586345299952453,Centroid,0.9555799165428575,0.0
200,Centroid,1.0243253921302848,LinearSoftmax,1.1669882671990288,0.14266287506874398,Centroid,1.0243253921302848,0.0
201,Centroid,0.9682220454791469,LinearSoftmax,1.1343572825343258,0.16613523705517885,Centroid,0.9682220454791469,0.0
202,Centroid,0.9475050700311107,LinearSoftmax,1.2122105026100647,0.26470543257895396,Centroid,0.9475050700311107,0.0
203,Centroid,1.0176482494782357,LinearSoftmax,1.2267644954921035,0.2091162460138678,Centroid,1.0176482494782357,0.0
204,Centroid,1.0856485273011593,LinearSoftmax,1.0867754010450834,0.0011268737439240617,Centroid,1.0856485273011593,0.0
205,LinearSoftmax,1.0195740319169742,Centroid,1.0967196551020746,0.07714562318510043,Centroid,1.0967196551020746,0.07714562318510043
206,Centroid,1.0005600620265598,LinearSoftmax,1.306195759693796,0.3056356976672363,Centroid,1.0005600620265598,0.0
207,Centroid,0.9841013305612306,LinearSoftmax,1.2734044292480986,0.289303098686868,Centroid,0.9841013305612306,0.0
208,LinearSoftmax,0.9672458279142032,ClassPrior,1.1118596935777436,0.1446138656635404,Centroid,1.1218574412200595,0.15461161330585627
209,Centroid,0.9860848421984207,LinearSoftmax,1.2027175811748059,0.21663273897638513,Centroid,0.9860848421984207,0.0
210,Centroid,0.9846247407255995,LinearSoftmax,1.2798866667520659,0.2952619260264664,Centroid,0.9846247407255995,0.0
211,LinearSoftmax,1.0608515437031967,Centroid,1.0694376081956993,0.008586064492502654,Centroid,1.0694376081956993,0.008586064492502654
212,LinearSoftmax,1.0268088620837088,ClassPrior,1.070469557562139,0.04366069547843021,Centroid,1.1442510540415247,0.11744219195781591
213,LinearSoftmax,0.9621126817155715,ClassPrior,0.9677839098462594,0.005671228130687878,Centroid,1.1945796119119563,0.23246693019638476
214,LinearSoftmax,1.0014361347987613,ClassPrior,1.0419286325034145,0.04049249770465324,Centroid,1.154041341306518,0.15260520650775677
215,LinearSoftmax,0.9537538367584953,ClassPrior,0.9843674659579578,0.030613629199462422,Centroid,1.1863317659372314,0.2325779291787361
216,ClassPrior,1.0583129975923016,LinearSoftmax,1.076888572718806,0.01857557512650443,Centroid,1.1362620369372307,0.07794903934492914
217,LinearSoftmax,0.836280239684699,ClassPrior,0.9520780522081908,0.11579781252349175,Centroid,1.1303638860432572,0.2940836463585582
218,LinearSoftmax,0.8459745524178093,ClassPrior,0.9859095283461818,0.13993497592837256,Centroid,1.1227530785480118,0.2767785261302025
219,LinearSoftmax,0.9393745910278921,ClassPrior,0.994981963539571,0.05560737251167891,Centroid,1.1219772887315695,0.18260269770367743
220,LinearSoftmax,0.8626717386854053,ClassPrior,0.944903630839975,0.08223189215456972,Centroid,1.1328441776952536,0.27017243900984833
221,LinearSoftmax,0.8041736241878883,ClassPrior,0.9279024407957981,0.1237288166079098,Centroid,1.1272467111237572,0.3230730869358689
222,ClassPrior,0.9456296772500983,LinearSoftmax,0.9960039188983466,0.05037424164824833,Centroid,1.1291070768432554,0.18347739959315712
223,LinearSoftmax,0.8489007740106205,ClassPrior,0.936296368538369,0.08739559452774848,Centroid,1.1226390467246885,0.27373827271406803
224,LinearSoftmax,0.9999314754043019,ClassPrior,1.011921471088219,0.01198999568391701,Centroid,1.0549220422984529,0.05499056689415094
225,LinearSoftmax,0.9294714889434375,ClassPrior,0.9809890722400891,0.05151758329665168,Centroid,1.037273849931199,0.10780236098776164
226,LinearSoftmax,0.8234746795480924,ClassPrior,0.940538317193643,0.11706363764555061,Centroid,1.0203298715138338,0.19685519196574142
227,LinearSoftmax,0.8666969833663692,ClassPrior,0.9554423023898352,0.08874531902346594,Centroid,1.0302343866433266,0.16353740327695732
228,LinearSoftmax,0.9548571769833705,ClassPrior,0.9972500723379185,0.042392895354548044,Centroid,1.0454858003060892,0.0906286233227187
229,LinearSoftmax,0.9657006097555398,ClassPrior,1.0004292750329757,0.0347286652774359,Centroid,1.050479561805826,0.08477895205028618
230,LinearSoftmax,0.8138566818790993,ClassPrior,0.9347067671908401,0.1208500853117408,Centroid,1.0199833451259366,0.20612666324683726
231,LinearSoftmax,0.9364634425862317,ClassPrior,0.9747257447685835,0.038262302182351826,Centroid,1.03547942729835,0.09901598471211837
232,ClassPrior,0.959807616036167,LinearSoftmax,0.9715287602323192,0.011721144196152111,Centroid,1.0341800818693572,0.07437246583319013
233,LinearSoftmax,0.9362439642401997,ClassPrior,1.0171361961357324,0.08089223189553263,Centroid,1.0525402883030102,0.11629632406281043
234,LinearSoftmax,0.9445420234825561,ClassPrior,1.0243864435357013,0.07984442005314518,Centroid,1.0537708160632255,0.10922879258066942
235,LinearSoftmax,0.9741347787941479,ClassPrior,1.0291693911145114,0.05503461232036355,Centroid,1.0574687395461022,0.08333396075195432
236,LinearSoftmax,0.8766193388390427,ClassPrior,0.9848609259221894,0.10824158708314668,Centroid,1.035719660573545,0.15910032173450228
237,LinearSoftmax,0.9527644365523562,ClassPrior,0.9794470098518651,0.02668257329950885,Centroid,1.0420520285458443,0.08928759199348812
238,ClassPrior,1.0277506937173455,LinearSoftmax,1.0380826989914245,0.01033200527407896,Centroid,1.0615018480875578,0.033751154370212255
239,Centroid,1.0846789498806428,LinearSoftmax,1.0853212804996928,0.0006423306190499467,Centroid,1.0846789498806428,0.0
240,LinearSoftmax,0.9386048992458651,ClassPrior,0.9933306796965133,0.05472578045064824,Centroid,1.0488674784225631,0.11026257917669802
241,ClassPrior,1.071703207472718,Centroid,1.0766611886693669,0.0049579811966489196,Centroid,1.0766611886693669,0.0049579811966489196
242,LinearSoftmax,0.9724720052832094,ClassPrior,1.005363874675293,0.03289186939208366,Centroid,1.0472787614822616,0.0748067561990522
243,Centroid,1.1149881370461492,ClassPrior,1.1653639589545133,0.05037582190836409,Centroid,1.1149881370461492,0.0
244,LinearSoftmax,0.9281484099202106,ClassPrior,0.9771789010535177,0.04903049113330704,Centroid,1.0375829139177473,0.10943450399753663
245,Centroid,1.1026768514871672,LinearSoftmax,1.1197736440872452,0.017096792600078015,Centroid,1.1026768514871672,0.0
246,Centroid,1.1034992495096358,ClassPrior,1.1378574927835565,0.034358243273920674,Centroid,1.1034992495096358,0.0
247,LinearSoftmax,1.0421933766150855,Centroid,1.0842339034440542,0.04204052682896875,Centroid,1.0842339034440542,0.04204052682896875
248,Centroid,1.0913220389716163,ClassPrior,1.1049037151191952,0.01358167614757888,Centroid,1.0913220389716163,0.0
249,Centroid,1.1353333036731512,ClassPrior,1.227043709164186,0.09171040549103471,Centroid,1.1353333036731512,0.0
250,ClassPrior,1.069065003701197,Centroid,1.0763544132204936,0.007289409519296575,Centroid,1.0763544132204936,0.007289409519296575
251,LinearSoftmax,0.9099126150214434,ClassPrior,0.9508444022976115,0.040931787276168086,Centroid,1.0397518867723017,0.1298392717508583
252,LinearSoftmax,1.000201625867789,ClassPrior,1.0508918462419699,0.050690220374180806,Centroid,1.0661736402110285,0.0659720143432394
253,LinearSoftmax,0.9185175786592591,ClassPrior,0.9848467823859651,0.06632920372670603,Centroid,1.0428022295659463,0.12428465090668717
254,Centroid,1.0948830824375975,LinearSoftmax,1.1329972486026452,0.0381141661650477,Centroid,1.0948830824375975,0.0
255,LinearSoftmax,1.0362569870679221,ClassPrior,1.0631100887073361,0.026853101639414012,Centroid,1.071011165672497,0.03475417860457486
256,LinearSoftmax,0.9491662727639048,ClassPrior,0.9586356486211167,0.00946937585721197,Centroid,1.0342666018599165,0.08510032909601173
257,Centroid,1.1037462820891841,ClassPrior,1.144320011277873,0.040573729188688956,Centroid,1.1037462820891841,0.0
258,LinearSoftmax,0.980312813272151,ClassPrior,1.0083580298837636,0.028045216611612522,Centroid,1.049161041311906,0.06884822803975488
259,LinearSoftmax,1.0099267897224649,ClassPrior,1.0356177660726043,0.025690976350139394,Centroid,1.0603867289491746,0.05045993922670977
260,Centroid,1.1444137620763852,LinearSoftmax,1.1455862107499108,0.0011724486735256168,Centroid,1.1444137620763852,0.0
261,Centroid,1.1092301245554668,LinearSoftmax,1.1407762257265515,0.031546101171084695,Centroid,1.1092301245554668,0.0
262,LinearSoftmax,1.0620284816665633,Centroid,1.0879318728684784,0.025903391201915094,Centroid,1.0879318728684784,0.025903391201915094
263,ClassPrior,1.0407708086245884,LinearSoftmax,1.0488410806835518,0.00807027205896338,Centroid,1.0741767572305676,0.03340594860597923
264,ClassPrior,1.072073302445892,Centroid,1.0824623385540384,0.010389036108146454,Centroid,1.0824623385540384,0.010389036108146454
265,LinearSoftmax,1.0138080743683788,ClassPrior,1.0632334536983943,0.04942537933001545,Centroid,1.0794706462833918,0.06566257191501301
266,Centroid,1.1366871821459066,LinearSoftmax,1.2166928294216812,0.08000564727577464,Centroid,1.1366871821459066,0.0
267,Centroid,1.1196930943719479,ClassPrior,1.2249606478524255,0.10526755348047767,Centroid,1.1196930943719479,0.0
268,Centroid,1.0956020248852614,LinearSoftmax,1.1016194760339988,0.006017451148737418,Centroid,1.0956020248852614,0.0
269,ClassPrior,1.0023414323943736,LinearSoftmax,1.0431411657338394,0.04079973333946585,Centroid,1.0639321494095442,0.061590717015170604
270,LinearSoftmax,1.0678490871858375,Centroid,1.0894920967259822,0.021643009540144753,Centroid,1.0894920967259822,0.021643009540144753
271,LinearSoftmax,1.0830549494669377,ClassPrior,1.0850792738169106,0.0020243243499729058,Centroid,1.085698659057686,0.0026437095907483332
272,Centroid,1.1279836509945647,LinearSoftmax,1.2000082620707924,0.07202461107622771,Centroid,1.1279836509945647,0.0
273,Centroid,1.110917538160571,ClassPrior,1.1867304626450221,0.0758129244844512,Centroid,1.110917538160571,0.0
274,Centroid,1.1700456800020682,LinearSoftmax,1.2981228816363424,0.12807720163427416,Centroid,1.1700456800020682,0.0
275,Centroid,1.1741451722495142,LinearSoftmax,1.2177024459850263,0.0435572737355121,Centroid,1.1741451722495142,0.0
276,Centroid,1.1189251661125614,LinearSoftmax,1.1440829621934543,0.025157796080892858,Centroid,1.1189251661125614,0.0
277,LinearSoftmax,1.0277635964772551,Centroid,1.0983870669903149,0.07062347051305973,Centroid,1.0983870669903149,0.07062347051305973
278,Centroid,1.1249784831853629,LinearSoftmax,1.1882343170882987,0.06325583390293588,Centroid,1.1249784831853629,0.0
279,LinearSoftmax,1.0246878507194637,ClassPrior,1.070346192571081,0.045658341851617434,Centroid,1.0796194817448077,0.05493163102534404
280,LinearSoftmax,1.0419881777157864,Centroid,1.0828541902483935,0.04086601253260702,Centroid,1.0828541902483935,0.04086601253260702
281,ClassPrior,1.0137578024178637,LinearSoftmax,1.038078067504137,0.024320265086273274,Centroid,1.0665493238961736,0.0527915214783099
282,LinearSoftmax,1.0877168371559929,Centroid,1.0889453088694028,0.0012284717134098955,Centroid,1.0889453088694028,0.0012284717134098955
283,LinearSoftmax,0.9753969596526528,ClassPrior,1.045691264730681,0.07029430507802825,Centroid,1.0745286198374884,0.09913166018483555
284,Centroid,1.137634168513507,ClassPrior,1.305430380476615,0.167796211963108,Centroid,1.137634168513507,0.0
285,Centroid,1.0947615186800848,LinearSoftmax,1.102834616697732,0.008073098017647329,Centroid,1.0947615186800848,0.0
286,LinearSoftmax,1.0473964689660253,Centroid,1.0922485908472184,0.04485212188119303,Centroid,1.0922485908472184,0.04485212188119303
287,LinearSoftmax,0.8567174602896077,ClassPrior,0.9287518521969791,0.07203439190737138,Centroid,1.0388347530940178,0.18211729280441014
288,ClassPrior,1.0505834337643252,LinearSoftmax,1.0601181431743956,0.009534709410070397,Centroid,1.074985152745487,0.024401718981161835
289,ClassPrior,1.0708396525353128,Centroid,1.082451632854292,0.011611980318979143,Centroid,1.082451632854292,0.011611980318979143
290,Centroid,1.1388294283527975,LinearSoftmax,1.2266968807943357,0.08786745244153815,Centroid,1.1388294283527975,0.0
291,LinearSoftmax,1.0941676829296685,Centroid,1.124863585478361,0.03069590254869259,Centroid,1.124863585478361,0.03069590254869259
292,LinearSoftmax,1.0439667367054637,ClassPrior,1.0462322636542174,0.0022655269487537044,Centroid,1.0801248898417026,0.036158153136238935
293,Centroid,1.0983642601710306,LinearSoftmax,1.1280737848765179,0.029709524705487267,Centroid,1.0983642601710306,0.0
294,LinearSoftmax,1.0283996147485417,ClassPrior,1.069558463665429,0.04115884891688726,Centroid,1.0799051479549866,0.05150553320644491
295,ClassPrior,1.0588681400520623,LinearSoftmax,1.067748043632259,0.008879903580196746,Centroid,1.0791660140009267,0.020297873948864398
296,LinearSoftmax,1.0390545627377143,ClassPrior,1.0629250412207494,0.02387047848303503,Centroid,1.08056729910323,0.04151273636551567
297,Centroid,1.0976618120871349,LinearSoftmax,1.115640159951561,0.017978347864426203,Centroid,1.0976618120871349,0.0
298,Centroid,1.09738711568734,LinearSoftmax,1.1191916409948568,0.021804525307516753,Centroid,1.09738711568734,0.0
299,LinearSoftmax,0.9391355951203787,ClassPrior,0.9680923223239042,0.02895672720352549,Centroid,1.0465986224231454,0.10746302730276669
300,LinearSoftmax,1.00412836872519,ClassPrior,1.0179997510731376,0.013871382347947492,Centroid,1.052120614007116,0.047992245281925916
301,LinearSoftmax,0.8760417821844055,ClassPrior,0.9716557635283597,0.09561398134395416,Centroid,1.0303074338919767,0.15426565170757112
302,Centroid,1.1429447823009216,ClassPrior,1.2333070366356915,0.09036225433476996,Centroid,1.1429447823009216,0.0
303,LinearSoftmax,1.0560244412906998,Centroid,1.088594055683541,0.03256961439284112,Centroid,1.088594055683541,0.03256961439284112
304,LinearSoftmax,0.9547872146655588,ClassPrior,0.9884102235904204,0.033623008924861586,Centroid,1.0427624134945068,0.087975198828948
305,LinearSoftmax,1.062853720385522,Centroid,1.080624497448444,0.017770777062922072,Centroid,1.080624497448444,0.017770777062922072
306,LinearSoftmax,1.058592296172728,Centroid,1.0813476249131067,0.022755328740378555,Centroid,1.0813476249131067,0.022755328740378555
307,LinearSoftmax,1.0220256129205654,Centroid,1.0824227731998193,0.0603971602792539,Centroid,1.0824227731998193,0.0603971602792539
308,LinearSoftmax,1.0209451372480078,ClassPrior,1.0240163485625273,0.003071211314519484,Centroid,1.0566078723856194,0.035662735137611534
309,Centroid,1.1898891057539047,ClassPrior,1.3885383168723253,0.1986492111184206,Centroid,1.1898891057539047,0.0
310,ClassPrior,1.0077412049284737,LinearSoftmax,1.0256190985791338,0.01787789365066006,Centroid,1.0555968723117517,0.047855667383277956
311,Centroid,1.1965898015934386,ClassPrior,1.407622568228263,0.2110327666348244,Centroid,1.1965898015934386,0.0
312,Centroid,1.1392032506882381,ClassPrior,1.2398787765848418,0.10067552589660367,Centroid,1.1392032506882381,0.0
313,DiagGaussian,0.6700215062897469,Centroid,1.26823819626678,0.598216689977033,Centroid,1.26823819626678,0.598216689977033
314,Centroid,1.1989112253231953,ClassPrior,1.3962061982047729,0.1972949728815776,Centroid,1.1989112253231953,0.0
315,Centroid,1.2310176339582342,ClassPrior,1.473050807128978,0.2420331731707439,Centroid,1.2310176339582342,0.0
316,Centroid,1.2029347736859464,ClassPrior,1.4333543855651036,0.23041961187915727,Centroid,1.2029347736859464,0.0
317,Centroid,1.2004649338545699,ClassPrior,1.4135774832221235,0.21311254936755364,Centroid,1.2004649338545699,0.0
318,Centroid,1.2351975920897174,ClassPrior,1.5062654583116792,0.2710678662219619,Centroid,1.2351975920897174,0.0
319,DiagGaussian,0.3541766010936157,Centroid,1.2761715344029014,0.9219949333092857,Centroid,1.2761715344029014,0.9219949333092857
320,Centroid,1.0981356366418276,ClassPrior,1.1354184800348466,0.037282843393019016,Centroid,1.0981356366418276,0.0
321,Centroid,1.1265891225852536,ClassPrior,1.200723353944504,0.07413423135925035,Centroid,1.1265891225852536,0.0
322,Centroid,1.117821405614139,LinearSoftmax,1.124718874497834,0.006897468883695135,Centroid,1.117821405614139,0.0
323,Centroid,1.2121756818721585,ClassPrior,1.4191006207472816,0.2069249388751231,Centroid,1.2121756818721585,0.0
324,Centroid,1.232060292752902,ClassPrior,1.4851456846032862,0.25308539185038414,Centroid,1.232060292752902,0.0
325,Centroid,1.1710682014670108,ClassPrior,1.3196700017582126,0.14860180029120174,Centroid,1.1710682014670108,0.0
326,Centroid,1.1886218360116365,LinearSoftmax,1.3539128467529769,0.16529101074134034,Centroid,1.1886218360116365,0.0
327,Centroid,1.1354249519781636,LinearSoftmax,1.2426723053723117,0.10724735339414804,Centroid,1.1354249519781636,0.0
328,Centroid,1.1760133309888232,LinearSoftmax,1.1927946608950113,0.01678132990618808,Centroid,1.1760133309888232,0.0
329,Centroid,1.1326225880904393,ClassPrior,1.2266260752317075,0.09400348714126827,Centroid,1.1326225880904393,0.0
330,Centroid,1.1834285287533093,ClassPrior,1.3410365054487214,0.15760797669541216,Centroid,1.1834285287533093,0.0
331,Centroid,1.1995525961027238,ClassPrior,1.4267826456159534,0.22723004951322956,Centroid,1.1995525961027238,0.0
332,Centroid,1.212793574844579,ClassPrior,1.4273236445394897,0.21453006969491062,Centroid,1.212793574844579,0.0
333,Centroid,1.153035682489771,LinearSoftmax,1.2703259431867666,0.11729026069699566,Centroid,1.153035682489771,0.0
334,Centroid,1.2229053987734124,ClassPrior,1.4659380682562912,0.24303266948287883,Centroid,1.2229053987734124,0.0
335,Centroid,1.181407821410803,LinearSoftmax,1.3122894635441635,0.1308816421333605,Centroid,1.181407821410803,0.0
336,Centroid,1.1725026145109396,LinearSoftmax,1.2614483302078936,0.08894571569695398,Centroid,1.1725026145109396,0.0
337,LinearSoftmax,1.0767381076109657,Centroid,1.1178460967441632,0.041107989133197576,Centroid,1.1178460967441632,0.041107989133197576
338,Centroid,1.1634665827861823,ClassPrior,1.2960353892693566,0.13256880648317426,Centroid,1.1634665827861823,0.0
339,Centroid,1.146959618844471,ClassPrior,1.2594564879050107,0.11249686906053968,Centroid,1.146959618844471,0.0
340,Centroid,1.126974611322996,ClassPrior,1.2083295527814224,0.08135494145842648,Centroid,1.126974611322996,0.0
341,LinearSoftmax,1.0915396732120703,Centroid,1.133762202182588,0.04222252897051759,Centroid,1.133762202182588,0.04222252897051759
342,Centroid,1.1619288787807243,ClassPrior,1.3189439553480895,0.15701507656736524,Centroid,1.1619288787807243,0.0
343,Centroid,1.1089307794342425,LinearSoftmax,1.1244208939316507,0.015490114497408225,Centroid,1.1089307794342425,0.0
344,Centroid,1.1474358055009732,LinearSoftmax,1.236750741247104,0.0893149357461307,Centroid,1.1474358055009732,0.0
345,LinearSoftmax,0.9097940959944371,ClassPrior,0.9592524735764065,0.04945837758196947,Centroid,1.034687454178972,0.12489335818453484
346,Centroid,1.10422548233447,ClassPrior,1.1487328638835101,0.044507381549040215,Centroid,1.10422548233447,0.0
347,ClassPrior,1.0726284449056527,Centroid,1.0727737447408148,0.00014529983516209377,Centroid,1.0727737447408148,0.00014529983516209377
348,Centroid,1.168616487352414,ClassPrior,1.332320021692282,0.16370353433986784,Centroid,1.168616487352414,0.0
349,Centroid,1.1534158958198297,ClassPrior,1.2273521216418308,0.0739362258220011,Centroid,1.1534158958198297,0.0
350,LinearSoftmax,0.9082843089133278,ClassPrior,0.9874991296937103,0.07921482078038256,Centroid,1.1853526515839614,0.2770683426706336
351,LinearSoftmax,1.0201226000418022,ClassPrior,1.0321160073636777,0.011993407321875482,Centroid,1.1715966488545377,0.15147404881273552
352,LinearSoftmax,0.9374581431351642,ClassPrior,0.9502892598378507,0.012831116702686551,Centroid,1.202285906811591,0.2648277636764268
353,LinearSoftmax,0.9517991688584889,ClassPrior,0.9908158409160501,0.03901667205756121,Centroid,1.192184117038597,0.24038494818010803
354,LinearSoftmax,1.0568414672233948,ClassPrior,1.1187115589320906,0.06187009170869584,Centroid,1.121570882489448,0.06472941526605314
355,LinearSoftmax,0.9651965755409402,ClassPrior,0.979323644860807,0.014127069319866847,Centroid,1.191004880711338,0.22580830517039785
356,LinearSoftmax,1.0887368968607007,ClassPrior,1.1007375924956744,0.012000695634973635,Centroid,1.1315164416141674,0.04277954475346668
357,LinearSoftmax,1.0655959548825265,ClassPrior,1.1079261574001142,0.04233020251758779,Centroid,1.13391159544044,0.0683156405579135
358,ClassPrior,0.9586497921573411,LinearSoftmax,1.044631393432995,0.0859816012756538,Centroid,1.1988541462729132,0.24020435411557206
359,LinearSoftmax,0.9360727958525364,ClassPrior,0.9757126646970469,0.03963986884451043,Centroid,1.1890221326371067,0.2529493367845702
360,LinearSoftmax,0.9678753178286189,ClassPrior,1.052433908630194,0.08455859080157502,Centroid,1.1551632335966908,0.1872879157680719
361,LinearSoftmax,0.9656348304062456,ClassPrior,1.041976171462719,0.07634134105647328,Centroid,1.1497501291041807,0.18411529869793508
362,LinearSoftmax,0.953293422921241,ClassPrior,1.0615063438235832,0.10821292090234225,Centroid,1.143581544089037,0.19028812116779592
363,LinearSoftmax,0.9834824195129587,ClassPrior,1.0241397135535852,0.04065729404062657,Centroid,1.1670272767238155,0.18354485721085678
364,LinearSoftmax,1.0354292275431312,ClassPrior,1.0699760975979076,0.03454687005477641,Centroid,1.1437400430022535,0.10831081545912236
365,LinearSoftmax,1.011610454546331,ClassPrior,1.0762394250694127,0.06462897052308181,Centroid,1.1381724928350732,0.12656203828874224
366,LinearSoftmax,0.9840516245307758,ClassPrior,1.0206379548446587,0.03658633031388292,Centroid,1.1658739449577307,0.1818223204269549
367,ClassPrior,1.1225217301186619,Centroid,1.12292570374572,0.0004039736270582406,Centroid,1.12292570374572,0.0004039736270582406
368,Centroid,1.05601925360822,LinearSoftmax,1.1288127544325812,0.0727935008243612,Centroid,1.05601925360822,0.0
369,Centroid,0.9526658046187593,LinearSoftmax,1.1901578069146435,0.23749200229588419,Centroid,0.9526658046187593,0.0
370,Centroid,0.9712257556183519,LinearSoftmax,1.2181022231600556,0.24687646754170367,Centroid,0.9712257556183519,0.0
371,LinearSoftmax,1.0916520789902187,Centroid,1.1124659217889028,0.020813842798684146,Centroid,1.1124659217889028,0.020813842798684146
372,LinearSoftmax,1.0132403953582463,ClassPrior,1.0476985000106884,0.034458104652442145,Centroid,1.1527248847127305,0.1394844893544842
373,ClassPrior,1.0654398800012124,LinearSoftmax,1.0772166336601612,0.011776753658948813,Centroid,1.1464533573749525,0.0810134773737401
374,Centroid,1.0778444164509897,LinearSoftmax,1.130291514807776,0.05244709835678618,Centroid,1.0778444164509897,0.0
375,LinearSoftmax,1.0278728858386292,Centroid,1.0285629525214925,0.0006900666828633106,Centroid,1.0285629525214925,0.0006900666828633106
376,Centroid,1.062728264823737,LinearSoftmax,1.1152989397954678,0.052570674971730735,Centroid,1.062728264823737,0.0
377,LinearSoftmax,1.0588464222762382,Centroid,1.1141032675987819,0.05525684532254371,Centroid,1.1141032675987819,0.05525684532254371
378,LinearSoftmax,1.0477101208006654,ClassPrior,1.0742180462531814,0.026507925452516012,Centroid,1.1438904758687631,0.09618035506809774
379,LinearSoftmax,1.0621703839821763,Centroid,1.1154459462937405,0.05327556231156416,Centroid,1.1154459462937405,0.05327556231156416
380,Centroid,1.0893306239412297,LinearSoftmax,1.1203205583955695,0.03098993445433984,Centroid,1.0893306239412297,0.0
381,LinearSoftmax,1.0971719750037097,Centroid,1.1198384738349132,0.02266649883120353,Centroid,1.1198384738349132,0.02266649883120353
382,Centroid,1.1088772044338562,LinearSoftmax,1.1359594741322592,0.027082269698402994,Centroid,1.1088772044338562,0.0
383,LinearSoftmax,1.0259826354654533,ClassPrior,1.048438689957036,0.02245605449158261,Centroid,1.1538708287509967,0.12788819328554335
384,Centroid,1.0211947824476881,LinearSoftmax,1.2159950113596552,0.19480022891196702,Centroid,1.0211947824476881,0.0
385,LinearSoftmax,1.0760734884333618,Centroid,1.1206607000166187,0.04458721158325685,Centroid,1.1206607000166187,0.04458721158325685
386,LinearSoftmax,1.0374842514938247,Centroid,1.1183473650977445,0.08086311360391973,Centroid,1.1183473650977445,0.08086311360391973
387,LinearSoftmax,0.974829388267999,ClassPrior,1.0098242662402341,0.034994877972235106,Centroid,1.165366802343744,0.19053741407574498
388,Centroid,1.0798485406098206,LinearSoftmax,1.1122886573252484,0.03244011671542779,Centroid,1.0798485406098206,0.0
389,LinearSoftmax,0.9263223460678284,ClassPrior,1.0706212096256453,0.14429886355781696,Centroid,1.1473857441442719,0.22106339807644348
390,Centroid,1.0373136064047435,ClassPrior,1.3132216268001204,0.275908020395377,Centroid,1.0373136064047435,0.0
391,ClassPrior,1.0886427150213662,LinearSoftmax,1.102099255976616,0.01345654095524984,Centroid,1.1363652405214464,0.04772252550008016
392,LinearSoftmax,1.0972467036693307,ClassPrior,1.1162725461833805,0.019025842514049707,Centroid,1.1274838331678354,0.030237129498504656
393,LinearSoftmax,1.0302382664778331,Centroid,1.1067347819005844,0.07649651542275127,Centroid,1.1067347819005844,0.07649651542275127
394,Centroid,1.0990991840479816,LinearSoftmax,1.1215122983879138,0.022413114339932205,Centroid,1.0990991840479816,0.0
395,Centroid,1.0539761730987727,ClassPrior,1.2833995128715119,0.2294233397727392,Centroid,1.0539761730987727,0.0
396,Centroid,1.0869616533994342,LinearSoftmax,1.1107973083730216,0.023835654973587417,Centroid,1.0869616533994342,0.0
397,Centroid,1.086068645247689,LinearSoftmax,1.1878319136790847,0.1017632684313956,Centroid,1.086068645247689,0.0
398,Centroid,1.0925547441859464,LinearSoftmax,1.1333284736613938,0.04077372947544733,Centroid,1.0925547441859464,0.0
399,Centroid,0.9724577190091583,LinearSoftmax,1.3946124929311627,0.4221547739220044,Centroid,0.9724577190091583,0.0
400,Centroid,1.0011969849282274,LinearSoftmax,1.295171017846697,0.2939740329184697,Centroid,1.0011969849282274,0.0
401,Centroid,1.0552924829184507,LinearSoftmax,1.1916957839659872,0.1364033010475365,Centroid,1.0552924829184507,0.0
402,Centroid,0.9697155604463618,LinearSoftmax,1.2911199511436982,0.3214043906973364,Centroid,0.9697155604463618,0.0
403,Centroid,1.063597469663944,LinearSoftmax,1.2500851739427168,0.1864877042787727,Centroid,1.063597469663944,0.0
404,Centroid,1.0506604295312338,LinearSoftmax,1.1926827132120472,0.14202228368081338,Centroid,1.0506604295312338,0.0
405,Centroid,1.0995300281183402,LinearSoftmax,1.153235254590959,0.05370522647261877,Centroid,1.0995300281183402,0.0
406,Centroid,1.11327250867381,ClassPrior,1.149226323847742,0.035953815173932036,Centroid,1.11327250867381,0.0
407,LinearSoftmax,1.0923767834699543,Centroid,1.1145335260875575,0.022156742617603253,Centroid,1.1145335260875575,0.022156742617603253
408,Centroid,1.0616446343971733,LinearSoftmax,1.0959457371612256,0.034301102764052294,Centroid,1.0616446343971733,0.0
409,Centroid,0.9959338936899487,LinearSoftmax,1.3293743725646392,0.3334404788746905,Centroid,0.9959338936899487,0.0
410,Centroid,0.9365927787760462,LinearSoftmax,1.4455963406078645,0.5090035618318183,Centroid,0.9365927787760462,0.0
411,Centroid,0.9858339204467816,LinearSoftmax,1.291290064431447,0.30545614398466525,Centroid,0.9858339204467816,0.0
412,Centroid,1.0250856717446561,LinearSoftmax,1.1004478922138543,0.07536222046919816,Centroid,1.0250856717446561,0.0
413,Centroid,0.9192820851581741,LinearSoftmax,1.2264517317632597,0.3071696466050856,Centroid,0.9192820851581741,0.0
414,Centroid,1.0094558501459112,LinearSoftmax,1.1922581153472,0.18280226520128884,Centroid,1.0094558501459112,0.0
415,Centroid,0.9702058326767622,LinearSoftmax,1.2190666545823947,0.24886082190563252,Centroid,0.9702058326767622,0.0
416,ClassPrior,1.0439641548558702,LinearSoftmax,1.0649919228159923,0.021027767960122068,Centroid,1.158233697555557,0.1142695426996867
417,LinearSoftmax,0.9823075172002649,ClassPrior,1.0030199398451924,0.020712422644927564,Centroid,1.1741951620111588,0.19188764481089393
418,ClassPrior,1.0713947949950735,LinearSoftmax,1.0812999581212077,0.009905163126134209,Centroid,1.1450815131930434,0.0736867181979699
419,LinearSoftmax,0.9348501599350985,ClassPrior,0.9560732708813489,0.0212231109462504,Centroid,1.1983082250079238,0.2634580650728253
420,ClassPrior,0.9765003936026992,LinearSoftmax,1.0496303326613585,0.07312993905865928,Centroid,1.1605115819014122,0.184011188298713
421,LinearSoftmax,0.9279026064725449,ClassPrior,0.9470483746472643,0.01914576817471947,Centroid,1.131710501598217,0.2038078951256721
422,ClassPrior,0.9685240997926068,LinearSoftmax,0.9896100397850673,0.021085939992460556,Centroid,1.1254675239444798,0.156943424151873
423,ClassPrior,0.9380093348769555,LinearSoftmax,0.9444140425592168,0.0064047076822613125,Centroid,1.1314419798627766,0.19343264498582113
424,ClassPrior,0.9706071611043672,LinearSoftmax,1.0217590039878903,0.051151842883523146,Centroid,1.1295581609009069,0.1589509997965397
425,ClassPrior,0.9345834021997823,LinearSoftmax,0.9756349751893674,0.04105157298958506,Centroid,1.1350434180834708,0.20046001588368845
426,LinearSoftmax,0.9240425362349627,ClassPrior,0.97282773094341,0.04878519470844733,Centroid,1.1275982026673579,0.2035556664323952
427,LinearSoftmax,1.0158594313891214,ClassPrior,1.0435940598826963,0.027734628493574887,Centroid,1.139700492367304,0.1238410609781826
428,LinearSoftmax,0.9767451956172282,ClassPrior,0.9804339297803283,0.003688734163100116,Centroid,1.0413437318189134,0.06459853620168521
429,ClassPrior,0.9838598624575018,LinearSoftmax,1.024428998066634,0.04056913560913211,Centroid,1.0452788568396458,0.06141899438214404
430,LinearSoftmax,0.9544093104493441,ClassPrior,0.9713473510507148,0.01693804060137072,Centroid,1.040370203747225,0.08596089329788104
431,LinearSoftmax,0.9153133737516765,ClassPrior,0.9406616821847009,0.02534830843302438,Centroid,1.0256175687298594,0.11030419497818289
432,LinearSoftmax,0.9136979729603004,ClassPrior,0.952865781113843,0.039167808153542594,Centroid,1.0307047599783203,0.11700678701801992
433,LinearSoftmax,0.8315551801898241,ClassPrior,0.9404766346981139,0.10892145450828983,Centroid,1.018775888782058,0.18722070859223383
434,Centroid,1.0943237323633177,LinearSoftmax,1.0964279816155926,0.0021042492522749257,Centroid,1.0943237323633177,0.0
435,LinearSoftmax,1.0134973799074252,ClassPrior,1.0651931500190968,0.05169577011167159,Centroid,1.0734533435843607,0.059955963676935564
436,LinearSoftmax,0.9888353653906351,ClassPrior,1.0394137937229515,0.050578428332316405,Centroid,1.0634894284277325,0.07465406303709743
437,Centroid,1.0881420483591668,ClassPrior,1.0955704064074658,0.007428358048299,Centroid,1.0881420483591668,0.0
438,LinearSoftmax,0.9366244793075649,ClassPrior,0.9562441748317116,0.019619695524146774,Centroid,1.0295902887381438,0.09296580943057897
439,ClassPrior,0.9888420010591235,LinearSoftmax,1.0246702812280333,0.03582828016890982,Centroid,1.0404335752153986,0.05159157415627513
440,Centroid,1.1302799061520719,LinearSoftmax,1.1818401391048678,0.05156023295279599,Centroid,1.1302799061520719,0.0
441,LinearSoftmax,0.9743204890839603,ClassPrior,1.0453828522530362,0.07106236316907588,Centroid,1.0611868051544093,0.08686631607044903
442,ClassPrior,1.0445051537794066,LinearSoftmax,1.046155963465679,0.001650809686272403,Centroid,1.065305833472753,0.020800679693346424
443,ClassPrior,1.0436557423782253,LinearSoftmax,1.0525086741587248,0.008852931780499507,Centroid,1.0634318590418403,0.019776116663615007
444,LinearSoftmax,0.9238879795625323,ClassPrior,0.962692549789804,0.038804570227271684,Centroid,1.0300104305138182,0.10612245095128592
445,ClassPrior,1.046725723618449,Centroid,1.0621577368137578,0.015432013195308736,Centroid,1.0621577368137578,0.015432013195308736
446,ClassPrior,1.0291693911145117,Centroid,1.0555387934464284,0.026369402331916758,Centroid,1.0555387934464284,0.026369402331916758
447,LinearSoftmax,0.9913906889500979,ClassPrior,1.0101326787178788,0.018741989767780964,Centroid,1.046963404052702,0.0555727151026042
448,LinearSoftmax,1.0806597788239891,Centroid,1.0835314731210075,0.00287169429701839,Centroid,1.0835314731210075,0.00287169429701839
449,Centroid,1.1574938082211208,LinearSoftmax,1.2393312000106407,0.08183739178951988,Centroid,1.1574938082211208,0.0
450,LinearSoftmax,0.9693259366400602,ClassPrior,0.9936249486379338,0.024299011997873654,Centroid,1.0603097112538307,0.0909837746137705
451,LinearSoftmax,1.0856677537697164,Centroid,1.1024074066384733,0.016739652868756894,Centroid,1.1024074066384733,0.016739652868756894
452,Centroid,1.1023189471222148,LinearSoftmax,1.1232014504267696,0.020882503304554767,Centroid,1.1023189471222148,0.0
453,LinearSoftmax,0.8644062506069394,ClassPrior,0.9451978997813956,0.08079164917445614,Centroid,1.050582137513452,0.18617588690651266
454,LinearSoftmax,0.9121784880881261,ClassPrior,0.9762061246612787,0.06402763657315258,Centroid,1.0538137004450001,0.14163521235687404
455,LinearSoftmax,0.9937850120949869,ClassPrior,1.0138194849133924,0.020034472818405424,Centroid,1.067894573790269,0.07410956169528204
456,ClassPrior,1.0213164622954773,LinearSoftmax,1.0412979438232672,0.01998148152778989,Centroid,1.0687391691046644,0.04742270680918703
457,LinearSoftmax,1.0414481671636109,ClassPrior,1.0427305049452908,0.0012823377816799653,Centroid,1.074011626300769,0.03256345913715819
458,LinearSoftmax,1.0347101799976017,Centroid,1.0913054584075703,0.056595278409968586,Centroid,1.0913054584075703,0.056595278409968586
459,LinearSoftmax,1.0584918067158713,Centroid,1.080855066742214,0.022363260026342813,Centroid,1.080855066742214,0.022363260026342813
460,LinearSoftmax,1.0302061720256033,ClassPrior,1.0383651912989587,0.008159019273355383,Centroid,1.075231764198259,0.04502559217265567
461,LinearSoftmax,0.9552357696317029,ClassPrior,1.0076319834736402,0.05239621384193738,Centroid,1.057911713477931,0.10267594384622813
462,ClassPrior,0.9799404698160967,LinearSoftmax,0.9801613041877237,0.00022083437162701003,Centroid,1.0540724181910393,0.07413194837494252
463,Centroid,1.0955693877528687,LinearSoftmax,1.1199110749245262,0.024341687171657522,Centroid,1.0955693877528687,0.0
464,ClassPrior,0.9571077297691171,LinearSoftmax,0.9640569781304538,0.006949248361336702,Centroid,1.0489554538772798,0.09184772410816278
465,LinearSoftmax,1.0553948745831736,Centroid,1.0840941007807818,0.02869922619760823,Centroid,1.0840941007807818,0.02869922619760823
466,LinearSoftmax,0.9537189737855235,ClassPrior,1.0235228885982957,0.06980391481277215,Centroid,1.0639424397583093,0.11022346597278576
467,Centroid,1.1291226435241506,ClassPrior,1.2421468853831892,0.11302424185903859,Centroid,1.1291226435241506,0.0
468,Centroid,1.1146725506611865,ClassPrior,1.1893686664165433,0.07469611575535673,Centroid,1.1146725506611865,0.0
469,LinearSoftmax,0.9987534984045068,ClassPrior,1.065995022460973,0.06724152405646633,Centroid,1.0755559219441333,0.07680242353962652
470,ClassPrior,1.0737862687844784,Centroid,1.079251123555001,0.00546485477052272,Centroid,1.079251123555001,0.00546485477052272
471,LinearSoftmax,1.0083825488268452,ClassPrior,1.0416343635619938,0.0332518147351486,Centroid,1.06347414913435,0.05509160030750482
472,LinearSoftmax,1.0116787915136707,ClassPrior,1.0552430163520776,0.04356422483840694,Centroid,1.0717993274479942,0.06012053593432354
473,Centroid,1.1082867933136922,ClassPrior,1.162910802669579,0.05462400935588674,Centroid,1.1082867933136922,0.0
474,LinearSoftmax,0.9782839312378916,ClassPrior,1.0075561574418868,0.029272226203995166,Centroid,1.0542473670433838,0.07596343580549225
475,ClassPrior,1.031067404939685,LinearSoftmax,1.044303987060128,0.013236582120442986,Centroid,1.063510476036675,0.03244307109698985
476,LinearSoftmax,0.983083705916052,ClassPrior,1.0206996373401878,0.03761593142413577,Centroid,1.059464991289544,0.07638128537349198
477,Centroid,1.0973013855243772,ClassPrior,1.134925020070615,0.03762363454623774,Centroid,1.0973013855243772,0.0
478,LinearSoftmax,0.9810890331343691,ClassPrior,1.0067542850000102,0.02566525186564106,Centroid,1.0558547684423087,0.07476573530793962
479,LinearSoftmax,0.9434829572628411,ClassPrior,0.9542227960154801,0.010739838752638953,Centroid,1.0334183150796052,0.0899353578167641
480,LinearSoftmax,1.0265755062794053,ClassPrior,1.0431622824139937,0.016586776134588366,Centroid,1.0642995912389377,0.03772408495953239
481,LinearSoftmax,1.0050599126869084,ClassPrior,1.034014021188851,0.028954108501942688,Centroid,1.0619553061921643,0.056895393505255853
482,LinearSoftmax,1.0531003353974937,ClassPrior,1.0542085574643096,0.0011082220668159337,Centroid,1.0695676283351634,0.016467292937669686
483,Centroid,1.09046454744436,LinearSoftmax,1.09898413585937,0.008519588415009993,Centroid,1.09046454744436,0.0
484,Centroid,1.1176401727132188,ClassPrior,1.1903555863450064,0.07271541363178757,Centroid,1.1176401727132188,0.0
485,Centroid,1.1521131243796048,LinearSoftmax,1.2015664452074426,0.04945332082783782,Centroid,1.1521131243796048,0.0
486,Centroid,1.125186891954363,LinearSoftmax,1.1897973988418395,0.0646105068874765,Centroid,1.125186891954363,0.0
487,LinearSoftmax,1.0478077090159275,ClassPrior,1.0787542638498762,0.030946554833948703,Centroid,1.0813487535532624,0.033541044537334974
488,Centroid,1.1064273623916576,LinearSoftmax,1.1156995220034946,0.009272159611837028,Centroid,1.1064273623916576,0.0
489,Centroid,1.122956798584005,ClassPrior,1.1928562815892454,0.0698994830052404,Centroid,1.122956798584005,0.0
490,Centroid,1.1865794282130133,ClassPrior,1.3701184294309827,0.1835390012179694,Centroid,1.1865794282130133,0.0
491,LinearSoftmax,1.004422221253075,Centroid,1.0777996087112367,0.0733773874581618,Centroid,1.0777996087112367,0.0733773874581618
492,Centroid,1.1077953026049054,LinearSoftmax,1.147060067960767,0.03926476535586154,Centroid,1.1077953026049054,0.0
493,Centroid,1.112711414153514,ClassPrior,1.1412975689969542,0.028586154843440292,Centroid,1.112711414153514,0.0
494,LinearSoftmax,1.0966581062311285,Centroid,1.0981387295519922,0.0014806233208637387,Centroid,1.0981387295519922,0.0014806233208637387
495,LinearSoftmax,1.0084827133411987,ClassPrior,1.0421278235262257,0.03364511018502703,Centroid,1.1693757769529927,0.160893063611794
496,LinearSoftmax,1.0052936017183196,ClassPrior,1.0055206350894312,0.00022703337111162902,Centroid,1.1698372257380942,0.16454362401977463
497,LinearSoftmax,1.0760163315462155,ClassPrior,1.0874707476063157,0.011454416060100225,Centroid,1.1367578010764527,0.06074146953023729
498,Centroid,0.9827631566272899,LinearSoftmax,1.1404257158511868,0.15766255922389694,Centroid,0.9827631566272899,0.0
499,Centroid,1.0297398846690016,LinearSoftmax,1.100853343367389,0.07111345869838748,Centroid,1.0297398846690016,0.0
500,LinearSoftmax,1.0356901270847465,ClassPrior,1.0678313537906177,0.03214122670587116,Centroid,1.1466535718607256,0.11096344477597908
501,Centroid,1.0357979299957054,LinearSoftmax,1.1706282840962787,0.1348303541005733,Centroid,1.0357979299957054,0.0
502,LinearSoftmax,0.9137143263604471,ClassPrior,1.0625690897837998,0.1488547634233527,Centroid,1.1479327142531899,0.23421838789274274
503,LinearSoftmax,1.0657476240510984,ClassPrior,1.1141753413353959,0.04842771728429751,Centroid,1.127939034639005,0.06219141058790667
504,LinearSoftmax,1.0669510258039314,Centroid,1.067352109795383,0.0004010839914516673,Centroid,1.067352109795383,0.0004010839914516673
505,Centroid,1.0690317297555056,LinearSoftmax,1.1047005097411908,0.035668779985685184,Centroid,1.0690317297555056,0.0
506,LinearSoftmax,1.04442398237739,ClassPrior,1.1002441325314427,0.05582015015405273,Centroid,1.1338019713249414,0.08937798894755145
507,LinearSoftmax,0.9172557688181846,ClassPrior,1.0089607113028287,0.09170494248464411,Centroid,1.1674615000938067,0.25020573127562207
508,LinearSoftmax,1.09006452965991,Centroid,1.112572777828754,0.022508248168843892,Centroid,1.112572777828754,0.022508248168843892
509,LinearSoftmax,1.0543346546772867,ClassPrior,1.0797411837783393,0.025406529101052566,Centroid,1.1441854033443786,0.08985074866709186
510,ClassPrior,1.0374540974022488,LinearSoftmax,1.0658333629697394,0.028379265567490597,Centroid,1.1649822514910557,0.1275281540888069
511,ClassPrior,1.091404283783945,LinearSoftmax,1.093253473924077,0.0018491901401318511,Centroid,1.141509701972311,0.050105418188366
512,LinearSoftmax,1.0972192196728534,Centroid,1.1235527890175017,0.026333569344648255,Centroid,1.1235527890175017,0.026333569344648255
513,Centroid,1.0670960631032764,LinearSoftmax,1.106347933760755,0.03925187065747848,Centroid,1.0670960631032764,0.0
514,LinearSoftmax,1.0783617949897408,ClassPrior,1.0910958713063001,0.012734076316559317,Centroid,1.1374036241284706,0.059041829138729796
515,ClassPrior,1.0719357939186098,LinearSoftmax,1.0825501558197428,0.010614361901132963,Centroid,1.1453863074708424,0.07345051355223253
516,LinearSoftmax,1.0605975868606012,ClassPrior,1.0665977038800385,0.006000117019437257,Centroid,1.1467950041693271,0.08619741730872588
517,LinearSoftmax,1.0348917912159594,ClassPrior,1.118170560008554,0.08327876879259466,Centroid,1.12871120587032,0.0938194146543605
518,Centroid,1.0855006231051276,LinearSoftmax,1.1044017764305272,0.018901153325399545,Centroid,1.0855006231051276,0.0
519,LinearSoftmax,1.012744172508756,ClassPrior,1.100846813950508,0.08810264144175206,Centroid,1.1294911329529063,0.11674696044415023
520,LinearSoftmax,1.0558208729963443,ClassPrior,1.0767470285698688,0.020926155573524508,Centroid,1.1484488867279476,0.09262801373160334
521,Centroid,1.1023044117761023,LinearSoftmax,1.119836950254819,0.01753253847871683,Centroid,1.1023044117761023,0.0
522,Centroid,1.069620608173886,LinearSoftmax,1.1442543703917218,0.07463376221783591,Centroid,1.069620608173886,0.0
523,Centroid,1.0583494370601723,LinearSoftmax,1.0740017154984671,0.015652278438294864,Centroid,1.0583494370601723,0.0
524,Centroid,1.0048417667734482,LinearSoftmax,1.2160385530887683,0.21119678631532013,Centroid,1.0048417667734482,0.0
525,LinearSoftmax,1.108754618001841,Centroid,1.1231943497728598,0.01443973177101876,Centroid,1.1231943497728598,0.01443973177101876
526,Centroid,1.0988634975348233,LinearSoftmax,1.1561848484893722,0.05732135095454893,Centroid,1.0988634975348233,0.0
527,Centroid,1.0233408252449094,LinearSoftmax,1.1620079375844279,0.13866711233951845,Centroid,1.0233408252449094,0.0
528,Centroid,1.0744006651066444,LinearSoftmax,1.1028740886377735,0.028473423531129027,Centroid,1.0744006651066444,0.0
529,LinearSoftmax,1.0866676534795081,Centroid,1.0989292752007471,0.012261621721239013,Centroid,1.0989292752007471,0.012261621721239013
530,LinearSoftmax,1.067762917857081,ClassPrior,1.107124284958238,0.039361367101156786,Centroid,1.1349860737670157,0.06722315590993455
531,Centroid,0.9700203573913219,LinearSoftmax,1.2492951327686623,0.27927477537734047,Centroid,0.9700203573913219,0.0
532,LinearSoftmax,1.034156336338258,ClassPrior,1.0958171363895817,0.06166080005132368,Centroid,1.1366436766222006,0.10248734028394257
533,LinearSoftmax,1.0708197500066374,Centroid,1.0722754185884136,0.0014556685817761483,Centroid,1.0722754185884136,0.0014556685817761483
534,LinearSoftmax,1.0367821118853877,ClassPrior,1.0752525051409494,0.038470393255561675,Centroid,1.1440561151338113,0.10727400324842362
535,LinearSoftmax,1.0721736176378756,Centroid,1.0916848719223398,0.019511254284464208,Centroid,1.0916848719223398,0.019511254284464208
536,LinearSoftmax,1.0352083439160866,Centroid,1.109005154829825,0.07379681091373835,Centroid,1.109005154829825,0.07379681091373835
537,ClassPrior,1.0055964611211845,LinearSoftmax,1.0744854280699125,0.06888896694872804,Centroid,1.1856675594800183,0.18007109835883384
538,Centroid,1.0770495238553974,LinearSoftmax,1.0849226809660673,0.007873157110669826,Centroid,1.0770495238553974,0.0
539,LinearSoftmax,0.9328727875898268,Centroid,0.9969631004094301,0.06409031281960331,Centroid,0.9969631004094301,0.06409031281960331
540,Centroid,1.0461654985995388,LinearSoftmax,1.071580108805101,0.025414610205562127,Centroid,1.0461654985995388,0.0
541,Centroid,1.0459902112355395,LinearSoftmax,1.0849816793187002,0.038991468083160674,Centroid,1.0459902112355395,0.0
542,ClassPrior,1.1044102551549635,LinearSoftmax,1.1285233533621892,0.024113098207225736,Centroid,1.1350188415721796,0.030608586417216088
543,Centroid,0.9798740156511008,LinearSoftmax,1.0146101050002603,0.034736089349159505,Centroid,0.9798740156511008,0.0
544,LinearSoftmax,1.0429682773849798,ClassPrior,1.0865455101733812,0.04357723278840142,Centroid,1.1377007408834525,0.09473246349847275
